일자,공매도 금액(전체),공매도 금액(잔고금액)
2021-03-31,123894800,61211354000.0
2021-03-30,304557200,50342311800.0
2021-03-29,359094000,51469839000.0
2021-03-26,864034900,50200530800.0
2021-03-25,408951900,50231895400.0
2021-03-24,29427000,48294654000.0
2021-03-23,0,48068920200.0
2021-03-22,103414700,49491415200.0
2021-03-19,232320100,53636150250.0
2021-03-18,121454300,54324150900.0
2021-03-17,191466100,55319581200.0
2021-03-16,669500,56182630400.0
2021-03-15,762378100,56136806400.0
2021-03-12,57071000,58066545600.0
2021-03-11,826961500,60202948000.0
2021-03-10,142828400,58330136400.0
2021-03-09,2179626800,57231745600.0
2021-03-08,397932750,51520927500.0
2021-03-05,1050142950,52823723000.0
2021-03-04,145620600,51303694400.0
2021-03-03,42503800,51264622500.0
2021-03-02,135352250,51739304500.0
2021-02-26,98377200,50748957600.0
2021-02-25,60543200,50599227750.0
2021-02-24,0,50813051650.0
2021-02-23,19532450,52117100700.0
2021-02-22,13220100,52265990800.0
2021-02-19,871400,49791455350.0
2021-02-18,6883200,52663831400.0
2021-02-17,60139450,52722476800.0
2021-02-16,53709000,48664091200.0
2021-02-15,4937700,46709192400.0
2021-02-10,160466350,46775956500.0
2021-02-09,6247000,47160324500.0
2021-02-08,198043300,47555320600.0
2021-02-05,39243300,50123527350.0
2021-02-04,20310150,47633188750.0
2021-02-03,50847300,44387882300.0
2021-02-02,81855700,41763789000.0
2021-02-01,231632100,43020684900.0
2021-01-29,180178250,41835268800.0
2021-01-28,68363100,43232021400.0
2021-01-27,56341750,45418837600.0
2021-01-26,719042950,46897993000.0
2021-01-25,87671950,46642497300.0
2021-01-22,571619200,47649105250.0
2021-01-21,627876700,46549173750.0
2021-01-20,99427700,46531183650.0
2021-01-19,306364050,43246139600.0
2021-01-18,674907650,43974855000.0
2021-01-15,100003550,44523898400.0
2021-01-14,105776650,43834878150.0
2021-01-13,437724050,44597940200.0
2021-01-12,548442900,44866067400.0
2021-01-11,49354800,43526511000.0
2021-01-08,131547500,37914426000.0
2021-01-07,372610900,38086252000.0
2021-01-06,200497500,38282288000.0
2021-01-05,96270300,36685692550.0
2021-01-04,17785100,35938467150.0
2020-12-30,301358900,37341229800.0
2020-12-29,211958850,37419480000.0
2020-12-28,94550600,35167951200.0
2020-12-24,154736550,36710692200.0
2020-12-23,5550750,37581500000.0
2020-12-22,139126950,41241004200.0
2020-12-21,123935650,41742168300.0
2020-12-18,400580150,39149157550.0
2020-12-17,16427750,42324135000.0
2020-12-16,29222250,44400212700.0
2020-12-15,68801800,46062018000.0
2020-12-14,259884000,46141028000.0
2020-12-11,193181250,44810516100.0
2020-12-10,208875650,44507065600.0
2020-12-09,0,44576192700.0
2020-12-08,1826000,44641192500.0
2020-12-07,31520950,45934143200.0
2020-12-04,78871200,45676289600.0
2020-12-03,0,46974460550.0
2020-12-02,4024800,46653609600.0
2020-12-01,0,46258341300.0
2020-11-30,0,46591002750.0
2020-11-27,527450,50589743400.0
2020-11-26,812550,52530701250.0
2020-11-25,145050,51898205100.0
2020-11-24,0,54419915200.0
2020-11-23,2353650,54925499250.0
2020-11-20,2104500,54393846650.0
2020-11-19,3205050,55179178500.0
2020-11-18,303869700,56774938250.0
2020-11-17,788800,55367082050.0
2020-11-16,16031450,54355580000.0
2020-11-13,0,54188079050.0
2020-11-12,516658900,57783988800.0
2020-11-11,624078550,57787506000.0
2020-11-10,102452400,55213082400.0
2020-11-09,14218800,51518868600.0
2020-11-06,15654300,52298112400.0
2020-11-05,4547400,52439801700.0
2020-11-04,9141000,51016585800.0
2020-11-03,15865800,53118229250.0
2020-11-02,14184600,53890872000.0
2020-10-30,36009800,51452951600.0
2020-10-29,3952500,51290057000.0
2020-10-28,3867150,52527009800.0
2020-10-27,3868250,52152972750.0
2020-10-26,34869700,54551882400.0
2020-10-23,18078950,54358892250.0
2020-10-22,24303300,52761988400.0
2020-10-21,36654950,51943730700.0
2020-10-20,0,51313867000.0
2020-10-19,45270950,51696977200.0
2020-10-16,12647400,50045722400.0
2020-10-15,2108700,49648560500.0
2020-10-14,620000,49292402500.0
2020-10-13,1168100,51115546200.0
2020-10-12,162000,55935243000.0
2020-10-08,14431400,54506192400.0
2020-10-07,65287900,53649061200.0
2020-10-06,36873800,52653354000.0
2020-10-05,93477250,52891545850.0
2020-09-29,134371100,51657610100.0
2020-09-28,126093000,52784454400.0
2020-09-25,1714250,50906848000.0
2020-09-24,11606400,49912914000.0
2020-09-23,21628800,50755959500.0
2020-09-22,3145800,50280220200.0
2020-09-21,12768350,49458395400.0
2020-09-18,18120000,50666502250.0
2020-09-17,30018450,51437202300.0
2020-09-16,33693100,52074524200.0
2020-09-15,132081850,51583664600.0
2020-09-14,52833000,51118856800.0
2020-09-11,28615550,49359384650.0
2020-09-10,281057400,49577903350.0
2020-09-09,37837500,49569750000.0
2020-09-08,18711000,50175493200.0
2020-09-07,3226900,50695211250.0
2020-09-04,0,47571388350.0
2020-09-03,7554800,48794321400.0
2020-09-02,0,49025004600.0
2020-09-01,2652000,48543778800.0
2020-08-31,294800,46746951900.0
2020-08-28,25878000,49952938000.0
2020-08-27,0,47755621050.0
2020-08-26,0,49065825900.0
2020-08-25,12409650,49820190750.0
2020-08-24,5875050,47172808700.0
2020-08-21,3344250,46559383500.0
2020-08-20,0,45890732250.0
2020-08-19,0,46762002000.0
2020-08-18,40271700,47085988950.0
2020-08-14,58625400,51046962600.0
2020-08-13,30016300,53631736500.0
2020-08-12,46886700,52176665700.0
2020-08-11,65804800,51070267200.0
2020-08-10,965900,49486697700.0
2020-08-07,0,47341425450.0
2020-08-06,42122500,52271543900.0
2020-08-05,2023500,57165046500.0
2020-08-04,816500,64854772500.0
2020-08-03,6065200,64440983250.0
2020-07-31,0,64241715000.0
2020-07-30,0,71971037200.0
2020-07-29,4054400,72493577000.0
2020-07-28,6103600,71552189100.0
2020-07-27,0,70447977050.0
2020-07-24,9593400,71256943200.0
2020-07-23,15943000,72202832100.0
2020-07-22,1520400,72743646600.0
2020-07-21,552750,73400697300.0
2020-07-20,0,74198704500.0
2020-07-17,1278850,71289946700.0
2020-07-16,12111950,71780394350.0
2020-07-15,51612450,71289946700.0
2020-07-14,70200,67294808100.0
2020-07-13,21800650,67774115850.0
2020-07-10,3777150,65172762550.0
2020-07-09,2962250,66192991300.0
2020-07-08,1021600,77074634550.0
2020-07-07,28310800,78418647000.0
2020-07-06,63209200,78047934250.0
2020-07-03,22567000,76376151600.0
2020-07-02,47539150,75206589250.0
2020-07-01,56698450,75900332000.0
2020-06-30,2341700,76126390550.0
2020-06-29,9558200,76468433400.0
2020-06-26,1705200,79174698000.0
2020-06-25,0,76149078750.0
2020-06-24,0,77203337000.0
2020-06-23,1881900,77086778700.0
2020-06-22,0,76910639250.0
2020-06-19,42139150,81203796000.0
2020-06-18,0,79052284500.0
2020-06-17,34286350,78641010000.0
2020-06-16,128439450,80583253800.0
2020-06-15,41605750,75978910000.0
2020-06-12,291501300,67504818150.0
2020-06-11,551465700,70227036800.0
2020-06-10,0,69766210250.0
2020-06-09,4539500,72695892500.0
2020-06-08,0,84418065400.0
2020-06-05,0,84130110050.0
2020-06-04,2266150,82748946000.0
2020-06-03,0,96034561200.0
2020-06-02,4979950,88566580000.0
2020-06-01,13076500,84920025600.0
2020-05-29,24966250,83782086000.0
2020-05-28,15535250,84441339000.0
2020-05-27,0,82892032100.0
2020-05-26,0,81518875400.0
2020-05-25,49703950,78779383650.0
2020-05-22,51295250,76694123900.0
2020-05-21,183950800,78401696000.0
2020-05-20,49901300,78010885850.0
2020-05-19,1192600,70792637400.0
2020-05-18,28697950,75875600000.0
2020-05-15,47882800,77209026650.0
2020-05-14,35703200,76096176950.0
2020-05-13,7196100,76639907450.0
2020-05-12,18869300,76728054050.0
2020-05-11,21058250,76339210500.0
2020-05-08,34262800,77135760000.0
2020-05-07,22850550,76932265300.0
2020-05-06,11280150,79327191600.0
2020-05-04,17956500,79810995000.0
2020-04-29,11954200,81260338250.0
2020-04-28,9836350,79406775250.0
2020-04-27,55397850,74547210600.0
2020-04-24,373200,67059748200.0
2020-04-23,23915650,69448721700.0
2020-04-22,186382000,81166018500.0
2020-04-21,352328100,69407086600.0
2020-04-20,0,69261056700.0
2020-04-17,14723750,79290270550.0
2020-04-16,11715500,78677681500.0
2020-04-14,37814800,83356700800.0
2020-04-13,93823800,79392607350.0
2020-04-10,34450400,80580073450.0
2020-04-09,80828200,79868002500.0
2020-04-08,53337600,77426740800.0
2020-04-07,33256950,77053159000.0
2020-04-06,54595250,77540683950.0
2020-04-03,41166750,74219859000.0
2020-04-02,36772000,76388599500.0
2020-04-01,66630500,76483312800.0
2020-03-31,31973700,81681382500.0
2020-03-30,10088150,81794689000.0
2020-03-27,27082100,83764109000.0
2020-03-26,9310700,77162903300.0
2020-03-25,6464000,74561664000.0
2020-03-24,85250700,67624618600.0
2020-03-23,0,65382489550.0
2020-03-20,0,72180454550.0
2020-03-19,13841700,61086208000.0
2020-03-18,0,68602940350.0
2020-03-17,325201000,71110908750.0
2020-03-16,5626282150,77073095100.0
2020-03-13,11295418550,76348496700.0
2020-03-12,6500904300,72928927650.0
2020-03-11,6905747800,77501114700.0
2020-03-10,1067329750,77341669800.0
2020-03-09,4874297950,83193828450.0
2020-03-06,5425068100,82434790200.0
2020-03-05,6708940150,84320875800.0
2020-03-04,9731906100,85330452550.0
2020-03-03,3937665800,81273510300.0
2020-03-02,6568317750,80491776000.0
2020-02-28,4255943500,82039788800.0
2020-02-27,5071702250,84692664000.0
2020-02-26,2800233150,83443289600.0
2020-02-25,3671816300,84607182250.0
2020-02-24,3652073200,83336487850.0
2020-02-21,5441563000,87964503250.0
2020-02-20,6739445750,90096198200.0
2020-02-19,2139814850,87802488400.0
2020-02-18,3026616650,87309144750.0
2020-02-17,2183992500,87671073600.0
2020-02-14,3334622500,87092907750.0
2020-02-13,9178456950,84631320000.0
2020-02-12,5848272800,81684604500.0
2020-02-11,1562577950,80551658800.0
2020-02-10,3038590250,84147416250.0
2020-02-07,5928888600,86744102400.0
2020-02-06,6666771000,88768146750.0
2020-02-05,9917874200,91103890800.0
2020-02-04,7514829350,86416317000.0
2020-02-03,5347499150,85555647300.0
2020-01-31,5212458200,85259220300.0
2020-01-30,4728056750,85155828600.0
2020-01-29,4350653800,86607471750.0
2020-01-28,8725007100,90101998000.0
2020-01-23,5480591500,97443099200.0
2020-01-22,3048913950,97592143050.0
2020-01-21,3091389500,101983000000.0
2020-01-20,6594739450,104181000000.0
2020-01-17,6037029650,108305000000.0
2020-01-16,10448398500,110918000000.0
2020-01-15,6878762850,108739000000.0
2020-01-14,7773131400,105851000000.0
2020-01-13,3449707350,102195000000.0
2020-01-10,7542528300,103946000000.0
2020-01-09,14430053150,103617000000.0
2020-01-08,5287241700,98931755000.0
2020-01-07,3816087950,99571145000.0
2020-01-06,5485186300,100621000000.0
2020-01-03,6630644950,101374000000.0
2020-01-02,2261484300,98086342900.0
2019-12-30,1383912650,100251000000.0
2019-12-27,3425453750,100372000000.0
2019-12-26,8491269300,104241000000.0
2019-12-24,4085726850,106570000000.0
2019-12-23,8555064900,107326000000.0
2019-12-20,2333972900,101533000000.0
2019-12-19,6588156350,101951000000.0
2019-12-18,13708855150,100562000000.0
2019-12-17,8456975300,95435172700.0
2019-12-16,12093624800,98197119000.0
2019-12-13,3694060850,96451800000.0
2019-12-12,2839168700,93828010000.0
2019-12-11,2054653200,92997120000.0
2019-12-10,3416989900,93638244000.0
2019-12-09,7817843400,91800678200.0
2019-12-06,4252400150,89882001000.0
2019-12-05,7576194450,89241543300.0
2019-12-04,5646718750,88062382050.0
2019-12-03,1180512300,91252458150.0
2019-12-02,1564740800,91641347450.0
2019-11-29,3789062350,92222999550.0
2019-11-28,1616607750,94534996850.0
2019-11-27,3991643950,93904639700.0
2019-11-26,1796870900,88488436750.0
2019-11-25,7528173300,88139930250.0
2019-11-22,9875401800,88933383000.0
2019-11-21,10827089100,86781517350.0
2019-11-20,7360306850,87723788300.0
2019-11-19,3324258600,86604736400.0
2019-11-18,1145126000,84832748000.0
2019-11-15,3957587750,84249535900.0
2019-11-14,1741397100,82945440500.0
2019-11-13,2222728400,82512080000.0
2019-11-12,985398350,82797260000.0
2019-11-11,1455500500,81831838000.0
2019-11-08,2238881100,80417366200.0
2019-11-07,2466118000,82499644800.0
2019-11-06,2312127050,82095074000.0
2019-11-05,3754986250,84998289150.0
2019-11-04,3226424500,76172702400.0
2019-11-01,2084865200,73123121700.0
2019-10-31,1722716900,72124425250.0
2019-10-30,3083825300,72984072750.0
2019-10-29,975216550,71713692000.0
2019-10-28,1337590700,72218718000.0
2019-10-25,3302355600,72557684400.0
2019-10-24,3730448750,74595444000.0
2019-10-23,4047097000,74425908900.0
2019-10-22,3708563450,74154635100.0
2019-10-21,4513660650,74071850950.0
2019-10-18,3502463500,72733075800.0
2019-10-17,2024935650,71874574200.0
2019-10-16,3472983100,71592357200.0
2019-10-15,1309139750,71554140700.0
2019-10-14,3047003000,72706328800.0
2019-10-11,4015831100,71900622000.0
2019-10-10,2886139300,70376012350.0
2019-10-08,1359131950,69940365900.0
2019-10-07,657161550,69276528750.0
2019-10-04,1791576800,69344126250.0
2019-10-02,1879801300,69677111250.0
2019-10-01,830713150,70218967500.0
2019-09-30,2770314950,70954034900.0
2019-09-27,2765468750,68840936800.0
2019-09-26,2172877100,71311160400.0
2019-09-25,1751489250,76105947000.0
2019-09-24,2534765050,78353396000.0
2019-09-23,1472151150,78728748000.0
2019-09-20,9695740600,81488490200.0
2019-09-19,1723679500,78600993900.0
2019-09-18,1391574250,77697976250.0
2019-09-17,2596653300,82176248700.0
2019-09-16,6078771700,81034258050.0
2019-09-11,5753378350,80757905900.0
2019-09-10,3611581250,78092560000.0
2019-09-09,2668436700,74143411600.0
2019-09-06,1948126700,72704244150.0
2019-09-05,1250089150,70999343250.0
2019-09-04,1894488050,71955632250.0
2019-09-03,1080341750,73777812000.0
2019-09-02,1284103500,74395332000.0
2019-08-30,2701496550,75215858200.0
2019-08-29,2210159200,74215116150.0
2019-08-28,2186533500,74007171000.0
2019-08-27,1383682650,74262496500.0
2019-08-26,1227746750,74149190500.0
2019-08-23,1991661950,74552322000.0
2019-08-22,4924754300,75670224300.0
2019-08-21,4054128800,75714807000.0
2019-08-20,4148750850,70205993200.0
2019-08-19,1774993350,69693752250.0
2019-08-16,5215535500,68321497400.0
2019-08-14,3134695750,68961310200.0
2019-08-13,2208171800,68159434500.0
2019-08-12,776582450,69334427600.0
2019-08-09,624611450,67730663500.0
2019-08-08,5875544100,66221775750.0
2019-08-07,6619076900,67022458300.0
2019-08-06,10281466450,67159177750.0
2019-08-05,3020467400,68088234100.0
2019-08-02,4333206750,74971202500.0
2019-08-01,2752240300,76710110400.0
2019-07-31,2372612600,72688924000.0
2019-07-30,1084551150,75726424350.0
2019-07-29,1562376300,76071797600.0
2019-07-26,7343759500,78488242200.0
2019-07-25,5554872150,75875130400.0
2019-07-24,1251010700,77133784000.0
2019-07-23,2840897750,79103174400.0
2019-07-22,1406612950,78520101750.0
2019-07-19,3435545100,77106529500.0
2019-07-18,3321264950,74174985000.0
2019-07-17,2864267350,74206589200.0
2019-07-16,730709700,73349213400.0
2019-07-15,5277102400,72613119600.0
2019-07-12,3037373150,69882561050.0
2019-07-11,4354999200,60670145700.0
2019-07-10,4631779000,56987823300.0
2019-07-09,4349902550,53252917350.0
2019-07-08,5660807450,54174656800.0
2019-07-05,8285379750,50894374700.0
2019-07-04,659128750,45332857700.0
2019-07-03,1666373800,47555861200.0
2019-07-02,7160468750,49743440250.0
2019-07-01,3880104550,50201986300.0
2019-06-28,1370821200,50188006050.0
2019-06-27,1446975100,50651975250.0
2019-06-26,3357097050,50431182600.0
2019-06-25,933182000,47648573250.0
2019-06-24,3586324800,47382328600.0
2019-06-21,2939286950,45393263900.0
2019-06-20,1185784450,46699061500.0
2019-06-19,1452899500,45001667250.0
2019-06-18,843372950,45010620300.0
2019-06-17,614244550,45383002100.0
2019-06-14,3905673350,43492809700.0
2019-06-13,2865253350,42981543400.0
2019-06-12,3093389100,42852381000.0
2019-06-11,2476733200,42689068800.0
2019-06-10,1873750200,47804760600.0
2019-06-07,2653039800,47120758200.0
2019-06-05,4233206300,47795307000.0
2019-06-04,1618467100,48853695650.0
2019-06-03,5858320300,53016371100.0
2019-05-31,8789851550,50454796800.0
2019-05-30,2314073300,49538415950.0
2019-05-29,5536806350,49005629400.0
2019-05-28,787858550,48231201400.0
2019-05-27,1904031350,48171730500.0
2019-05-24,1403397550,52687034400.0
2019-05-23,2727358150,53603040400.0
2019-05-22,3728200850,54060283200.0
2019-05-21,2757374050,54347531200.0
2019-05-20,2744762100,54547043850.0
2019-05-17,3272890150,52585070600.0
2019-05-16,5604141500,53572902200.0
2019-05-15,3944611450,52675381300.0
2019-05-14,5868587250,51803236550.0
2019-05-13,3357908400,52031456400.0
2019-05-10,4655377450,54071400150.0
2019-05-09,4805477000,54047086800.0
2019-05-08,2727104100,54790678800.0
2019-05-07,4914752150,57805342800.0
2019-05-03,2645635300,57644572800.0
2019-05-02,2241891500,54814498600.0
2019-04-30,3392182950,52357720800.0
2019-04-29,3042038650,53241082900.0
2019-04-26,2549286950,52180444600.0
2019-04-25,4237286100,52701621000.0
2019-04-24,5031138700,54070487550.0
2019-04-23,2107345750,58051566000.0
2019-04-22,4766987200,55853007200.0
2019-04-19,1494528550,50408066900.0
2019-04-18,7726186300,52153856250.0
2019-04-17,1608874400,50537618950.0
2019-04-16,453564600,50848697200.0
2019-04-15,1700424400,50266344000.0
2019-04-12,3159529700,52118196750.0
2019-04-11,499718050,52925538800.0
2019-04-10,3148806150,52932951600.0
2019-04-09,2925861700,50682643200.0
2019-04-08,1037672950,49891005000.0
2019-04-05,2252534050,52813367400.0
2019-04-04,1164815850,52986567000.0
2019-04-03,2415457100,52882905750.0
2019-04-02,4580550150,53114580000.0
2019-04-01,3108113750,49540788000.0
2019-03-29,1284693400,48763034100.0
2019-03-28,373155700,48855990000.0
2019-03-27,865047450,49535734400.0
2019-03-26,1634024700,49513986000.0
2019-03-25,1984107150,49907782500.0
2019-03-22,2836101350,48041915000.0
2019-03-21,5360486200,49070482000.0
2019-03-20,1514805500,47991853500.0
2019-03-19,852316500,47422503350.0
2019-03-18,1991140750,47661030900.0
2019-03-15,1226439850,47335292700.0
2019-03-14,656800600,45718624850.0
2019-03-13,364391750,45330775800.0
2019-03-12,1104681650,46134527750.0
2019-03-11,1576397050,47636974000.0
2019-03-08,1619650500,46252290900.0
2019-03-07,2960795400,46428182000.0
2019-03-06,1402576000,45052046000.0
2019-03-05,427946100,44964155450.0
2019-03-04,1834531400,43364523300.0
2019-02-28,229107000,45859940100.0
2019-02-27,465755250,47193397950.0
2019-02-26,560968400,49310307200.0
2019-02-25,2234217350,52456310100.0
2019-02-22,3365745450,51747196600.0
2019-02-21,494572250,49271981600.0
2019-02-20,4664586250,49545464150.0
2019-02-19,233597150,51140873550.0
2019-02-18,794116050,51225582400.0
2019-02-15,68434250,52013166000.0
2019-02-14,3469557700,51703297800.0
2019-02-13,2169729800,51129031200.0
2019-02-12,3114980150,53032161000.0
2019-02-11,5453601900,52483449150.0
2019-02-08,1446934750,53652423500.0
2019-02-07,1932543300,56936847500.0
2019-02-01,5384936550,57571705800.0
2019-01-31,1082703000,54316584900.0
2019-01-30,522633200,55880355600.0
2019-01-29,733666300,57203922600.0
2019-01-28,192192800,53715385000.0
2019-01-25,1001128750,54734332100.0
2019-01-24,1150311350,57499802100.0
2019-01-23,4249767950,59788986500.0
2019-01-22,2915689200,58631873250.0
2019-01-21,1499488900,59364168600.0
2019-01-18,1699463150,60912444500.0
2019-01-17,3082821150,62675396000.0
2019-01-16,2288977500,62283297050.0
2019-01-15,3042742250,61098650250.0
2019-01-14,2524268700,59880367800.0
2019-01-11,1155434450,58445039250.0
2019-01-10,3389892750,59767253000.0
2019-01-09,1843717750,59664839200.0
2019-01-08,2834970150,58645314000.0
2019-01-07,1371220050,57350400750.0
2019-01-04,2493621800,58365670550.0
2019-01-03,2578247950,60224097200.0
2019-01-02,1796688250,58396246750.0
2018-12-28,1081741850,57497436000.0
2018-12-27,1273361700,56725008750.0
2018-12-26,3803905600,57982547200.0
2018-12-24,1716675100,59726257500.0
2018-12-21,6680584950,58803586050.0
2018-12-20,1918167850,56332843000.0
2018-12-19,1852253350,54089365200.0
2018-12-18,2315018500,58327645200.0
2018-12-17,2016353000,62036629400.0
2018-12-14,3507511650,64660479100.0
2018-12-13,8841891450,62302897800.0
2018-12-12,2406029100,57521599200.0
2018-12-11,2082844650,55994976000.0
2018-12-10,3002947350,54224180000.0
2018-12-07,576396250,53722819200.0
2018-12-06,963253150,55805234000.0
2018-12-05,2701629400,56294208000.0
2018-12-04,1181175400,55462853950.0
2018-12-03,7328869400,60064690400.0
2018-11-30,6620578450,59317986400.0
2018-11-29,999111000,66491996500.0
2018-11-28,3738710300,66095658750.0
2018-11-27,1497316750,65443513950.0
2018-11-26,734556700,67975894000.0
2018-11-23,129199250,74008289100.0
2018-11-22,313699300,74869377800.0
2018-11-21,327663250,74183150650.0
2018-11-20,6521154800,75538981800.0
2018-11-19,5454320100,69565691300.0
2018-11-16,6712257650,66708106800.0
2018-11-15,846562050,66708106800.0
2018-11-14,772146500,66961787400.0
2018-11-13,697574100,66136867600.0
2018-11-12,56607850,67818953700.0
2018-11-09,11748150800,70025518200.0
2018-11-08,432645850,71697569700.0
2018-11-07,645854000,71383248000.0
2018-11-06,1127803650,72972494900.0
2018-11-05,688157200,74313848000.0
2018-11-02,292939750,79517848950.0
2018-11-01,817137750,77966152250.0
2018-10-31,272932200,80073483600.0
2018-10-30,8616483350,87607893750.0
2018-10-29,5832590700,90580446000.0
2018-10-26,4483484100,92445405000.0
2018-10-25,6574899900,92030763600.0
2018-10-24,4043047400,88042539600.0
2018-10-23,5085826700,86414043000.0
2018-10-22,90882800,87185740000.0
2018-10-19,4805793700,85171844800.0
2018-10-18,259063800,83523355200.0
2018-10-17,2969655400,85687035000.0
2018-10-16,1169163000,82168339500.0
2018-10-15,1397202900,81331687500.0
2018-10-12,6290343200,79919274800.0
2018-10-11,11778367100,79330680000.0
2018-10-10,11946602800,78445236600.0
2018-10-08,6739765700,72995216000.0
2018-10-05,12626392800,68699217200.0
2018-10-04,16183154500,63822669900.0
2018-10-02,3323419900,52985935500.0
2018-10-01,6885038700,51073214800.0
2018-09-28,2400195600,49675058800.0
2018-09-27,2482023900,49741558200.0
2018-09-21,2939096400,47962938800.0
2018-09-20,919817800,49674119000.0
2018-09-19,339527600,49032194400.0
2018-09-18,208889300,48934908300.0
2018-09-17,1565144600,51675120000.0
2018-09-14,1036290800,53443292700.0
2018-09-13,7413149000,53403157800.0
2018-09-12,666709300,50485234200.0
2018-09-11,323690300,51667414400.0
2018-09-10,1635790300,51343842000.0
2018-09-07,181727500,48418905600.0
2018-09-06,399969700,51157257500.0
2018-09-05,1930043500,51642360000.0
2018-09-04,789132900,52171359800.0
2018-09-03,1635438600,48490145100.0
2018-08-31,2089462200,51845638900.0
2018-08-30,2943002400,46961610000.0
2018-08-29,1277919800,47286972200.0
2018-08-28,1300157700,47708519500.0
2018-08-27,3465892100,46958260800.0
2018-08-24,1865597900,47523806400.0
2018-08-23,802401200,43286476800.0
2018-08-22,955159200,43783874600.0
2018-08-21,601689900,42630351300.0
2018-08-20,910503700,43162521600.0
2018-08-17,520676400,43162521600.0
2018-08-16,702521750,42918690800.0
2018-08-14,2193770300,43089681600.0
2018-08-13,2806064700,43688149400.0
2018-08-10,159433700,41120318800.0
2018-08-09,144296600,43774367000.0
2018-08-08,435529700,43652056200.0
2018-08-07,508239400,45524688000.0
2018-08-06,717217400,45022003200.0
2018-08-03,652168600,46254700800.0
2018-08-02,202582000,45729757500.0
2018-08-01,103459500,46882489500.0
2018-07-31,234220600,47285116000.0
2018-07-30,104593500,47783320200.0
2018-07-27,123747000,49807692800.0
2018-07-26,439156600,49812405500.0
2018-07-25,1862089400,50722070400.0
2018-07-24,3513605900,50498617800.0
2018-07-23,2509882100,49644271600.0
2018-07-20,2240037900,53850304200.0
2018-07-19,920608500,54979128000.0
2018-07-18,1804591600,57616932000.0
2018-07-17,3101209100,57073855600.0
2018-07-16,700853500,54049949800.0
2018-07-13,3031386500,53519450600.0
2018-07-12,2821641700,49466895800.0
2018-07-11,5029711600,55106048800.0
2018-07-10,3187251000,56583044500.0
2018-07-09,5191647600,54923227200.0
2018-07-06,6739196300,55717762600.0
2018-07-05,4790477400,57021505400.0
2018-07-04,3245735000,55931592000.0
2018-07-03,7278504900,55733028000.0
2018-07-02,7971685300,54813360000.0
2018-06-29,4949503800,54988401600.0
2018-06-28,15321670500,55790594400.0
2018-06-27,7025019100,58716515300.0
2018-06-26,3555363000,56287587600.0
2018-06-25,5988308600,56279643000.0
2018-06-22,2935634100,54489539200.0
2018-06-21,10103462600,57493908200.0
2018-06-20,6894967400,56610070600.0
2018-06-19,5204981600,59532299100.0
2018-06-18,7184849500,59006823000.0
2018-06-15,6711781200,61730240000.0
2018-06-14,6015223000,63946512000.0
2018-06-12,6636011300,67218416700.0
2018-06-11,4185464400,63919032800.0
2018-06-08,5138780800,61573568000.0
2018-06-07,4971210100,62317394700.0
2018-06-05,5150912900,61990445000.0
2018-06-04,1837831900,60806960000.0
2018-06-01,2893659100,61391361300.0
2018-05-31,2832111200,57847080200.0
2018-05-30,9829058500,62316857200.0
2018-05-29,2308519400,64539984600.0
2018-05-28,6223591400,64924054500.0
2018-05-25,1397622500,61359932000.0
2018-05-24,3294398900,61778752000.0
2018-05-23,3299464500,58421460600.0
2018-05-21,1449975800,57332884700.0
2018-05-18,1673554000,57297154800.0
2018-05-17,807605900,57807244800.0
2018-05-16,1542382500,59272876800.0
2018-05-15,2717136300,58867212300.0
2018-05-14,1015559700,59792875800.0
2018-05-11,419143200,59654883600.0
2018-05-10,2770311100,60154932000.0
2018-05-09,2638768700,65096991000.0
2018-05-08,6095597700,69352569600.0
2018-05-04,2681424800,68832550400.0
2018-05-03,582884400,68092026300.0
2018-05-02,3458242700,68254782700.0
2018-04-30,2015966700,68797735200.0
2018-04-27,1073718400,65311905100.0
2018-04-26,3299777000,64363794500.0
2018-04-25,2858124800,62739589000.0
2018-04-24,3299573000,60840985600.0
2018-04-23,3295061700,60506640000.0
2018-04-20,6064973300,58884710500.0
2018-04-19,2295601100,55950420000.0
2018-04-18,1005683800,50243467000.0
2018-04-17,553251000,54342481000.0
2018-04-16,1245015600,55954740400.0
2018-04-13,4670626900,56551709800.0
2018-04-12,2827995500,51097828800.0
2018-04-11,1773900700,49978129500.0
2018-04-10,1413954700,48641867600.0
2018-04-09,451260300,47465892000.0
2018-04-06,1541119900,49829243200.0
2018-04-05,2093844100,49263280500.0
2018-04-04,1896848000,48048710400.0
2018-04-03,2249161400,47929609600.0
2018-04-02,2119590100,53250001000.0
2018-03-30,1908931500,50943628300.0
2018-03-29,3839223200,51176910400.0
2018-03-28,2543088800,54055262200.0
2018-03-27,2483268600,54820896500.0
2018-03-26,4971850800,54734956800.0
2018-03-23,9096440300,55384313600.0
2018-03-22,5716069000,52050064500.0
2018-03-21,5724618100,50815989000.0
2018-03-20,6286942400,49705435200.0
2018-03-19,3505512800,47929233900.0
2018-03-16,5484658500,49161126300.0
2018-03-15,5875870100,47675960200.0
2018-03-14,4362293000,52292732800.0
2018-03-13,6177039300,49413794800.0
2018-03-12,2397965600,46484800000.0
2018-03-09,6445237700,46024250000.0
2018-03-08,2334572300,43403067000.0
2018-03-07,6760672100,47579536500.0
2018-03-06,3939054800,47878235300.0
2018-03-05,4663890000,49478296200.0
2018-03-02,8987610300,50531649000.0
2018-02-28,2882736800,47505728000.0
2018-02-27,2925978600,47704832000.0
2018-02-26,4631419700,49613720500.0
2018-02-23,8373572400,48793246200.0
2018-02-22,7538863400,57888917900.0
2018-02-21,3208161400,64499029000.0
2018-02-20,4456539300,64591813100.0
2018-02-19,5022258500,66545625600.0
2018-02-14,7379430600,61466040000.0
2018-02-13,10739553000,57866670000.0
2018-02-12,11633298200,53785278200.0
2018-02-09,1442789600,48615292000.0
2018-02-08,424831800,48090015000.0
2018-02-07,502432600,52529488000.0
2018-02-06,15805606600,60960724800.0
2018-02-05,5100449800,51893268600.0
2018-02-02,1687052500,49055788800.0
2018-02-01,492243500,48536238500.0
2018-01-31,2432056800,51319682300.0
2018-01-30,1451128200,51631747500.0
2018-01-29,2205282900,51474931200.0
2018-01-26,4602107300,51709549600.0
2018-01-25,1724585600,51243039000.0
2018-01-24,5010458700,54110160000.0
2018-01-23,5703108600,54107289600.0
2018-01-22,7002252800,51031818000.0
2018-01-19,3613484000,51466974900.0
2018-01-18,2767169500,48008172600.0
2018-01-17,1151412900,48688076400.0
2018-01-16,6208946600,53370709000.0
2018-01-15,1662898000,60483004400.0
2018-01-12,9764134400,64490478400.0
2018-01-11,11098937600,68900388700.0
2018-01-10,7538679500,67836318000.0
2018-01-09,16126886600,68750707200.0
2018-01-08,6833980700,69223840200.0
2018-01-05,8115277100,66326513500.0
2018-01-04,4288670100,67294458000.0
2018-01-03,1605745500,70933675700.0
2018-01-02,4290751000,73776267600.0
2017-12-28,7871468800,78573458600.0
2017-12-27,5801608100,77098455000.0
2017-12-26,5551055700,80195132600.0
2017-12-22,5245427400,79795272900.0
2017-12-21,6384537300,82899822600.0
2017-12-20,3975730300,82595690400.0
2017-12-19,4253431000,78767644800.0
2017-12-18,5840493100,77092138200.0
2017-12-15,8301506900,74155396600.0
2017-12-14,12402459400,69130137200.0
2017-12-13,1102178700,67529404800.0
2017-12-12,2836926900,67395441300.0
2017-12-11,3406630900,68952061000.0
2017-12-08,2115366100,69289237500.0
2017-12-07,4549845000,68933604800.0
2017-12-06,1320575300,69938072400.0
2017-12-05,3814335000,67677835300.0
2017-12-04,2935710100,66424380000.0
2017-12-01,2901434700,66996902500.0
2017-11-30,6593644600,66490916800.0
2017-11-29,4353565600,67114921600.0
2017-11-28,4124134300,65464137200.0
2017-11-27,3127690600,67683192500.0
2017-11-24,1189773400,68460430500.0
2017-11-23,269231200,68179708800.0
2017-11-22,1360927000,68044599600.0
2017-11-21,1840830700,67827132000.0
2017-11-20,4165663900,69956750200.0
2017-11-17,4622897100,66935965100.0
2017-11-16,3209556300,67100432000.0
2017-11-15,3677970300,66624257100.0
2017-11-14,2151568700,64353264000.0
2017-11-13,1052182800,64019184600.0
2017-11-10,4058268600,65151583000.0
2017-11-09,5846823300,62857745300.0
2017-11-08,3066623700,61100233600.0
2017-11-07,5867436400,61797538500.0
2017-11-06,5997810500,63678606800.0
2017-11-03,3595035000,68019325200.0
2017-11-02,2908668200,67278494400.0
2017-11-01,6833513400,65960407000.0
2017-10-31,3295125400,62060628800.0
2017-10-30,2883373700,63900953600.0
2017-10-27,10634765500,65568658000.0
2017-10-26,3844140300,62071690800.0
2017-10-25,4365519300,63684859800.0
2017-10-24,3732873600,57106670900.0
2017-10-23,10462103700,56994985600.0
2017-10-20,6383244700,57327657700.0
2017-10-19,13651907300,57096413100.0
2017-10-18,2428522300,57274797000.0
2017-10-17,1228037400,58420329600.0
2017-10-16,3262954900,59003085900.0
2017-10-13,4203636300,61233964000.0
2017-10-12,10591747500,60638752600.0
2017-10-11,4827711000,54411734700.0
2017-10-10,9411884600,54502138500.0
2017-09-29,9231699100,47344809600.0
2017-09-28,2774026000,44541323000.0
2017-09-27,1322989300,44944765200.0
2017-09-26,2379498800,48534757000.0
2017-09-25,2719901100,50320484800.0
2017-09-22,5553316700,54644757100.0
2017-09-21,5843230000,55870360000.0
2017-09-20,5121529200,54369516400.0
2017-09-19,8974596100,49810705600.0
2017-09-18,4327405400,46263910000.0
2017-09-15,5589148500,44624790000.0
2017-09-14,1666636600,45715440000.0
2017-09-13,3560837000,47643076800.0
2017-09-12,4498987000,53122142700.0
2017-09-11,1971048400,55874068800.0
2017-09-08,2746878600,55856302600.0
2017-09-07,9136255000,53370200000.0
2017-09-06,7395731800,52303660500.0
2017-09-05,5269567700,55123256300.0
2017-09-04,436553200,62667212300.0
2017-09-01,2431130100,66146484600.0
2017-08-31,4786304300,66755725800.0
2017-08-30,2256722900,66018296600.0
2017-08-29,2593569100,66970544400.0
2017-08-28,3448074600,66734140400.0
2017-08-25,3309781400,64693657600.0
2017-08-24,1464122000,62272889600.0
2017-08-23,4702091100,63525293000.0
2017-08-22,2010622000,58726770300.0
2017-08-21,2293467900,57765619600.0
2017-08-18,1285043000,57167717000.0
2017-08-17,1419982100,56091021000.0
2017-08-16,5627553900,57519115200.0
2017-08-14,1880590500,55503085600.0
2017-08-11,8943635900,55439508000.0
2017-08-10,5083761600,55374224000.0
2017-08-09,2682159200,55535580000.0
2017-08-08,1904004800,56607579800.0
2017-08-07,7430636800,55737772000.0
2017-08-04,516217400,47668797300.0
2017-08-03,2087765300,49491958200.0
2017-08-02,5701609200,55432240800.0
2017-08-01,1508954200,54714548200.0
2017-07-31,2357467100,53080077600.0
2017-07-28,1199322100,52882573800.0
2017-07-27,982155000,53613405900.0
2017-07-26,2747124100,50834984000.0
2017-07-25,2697768000,50088495600.0
2017-07-24,1001572000,47322136400.0
2017-07-21,964095000,50101815400.0
2017-07-20,16311600,115867000000.0
2017-07-19,3752522600,121460000000.0
2017-07-18,6054168800,121560000000.0
2017-07-17,91047300,116428000000.0
2017-07-14,305980400,118308000000.0
2017-07-13,1206163900,118418000000.0
2017-07-12,3302007500,124801000000.0
2017-07-11,6460200,121328000000.0
2017-07-10,3057188500,124917000000.0
2017-07-07,1077895500,125111000000.0
2017-07-06,4876961500,131660000000.0
2017-07-05,2926763600,128574000000.0
2017-07-04,3940829400,128425000000.0
2017-07-03,2912711600,126534000000.0
2017-06-30,4078783900,124399000000.0
2017-06-29,6700974900,123536000000.0
2017-06-28,1853598100,115138000000.0
2017-06-27,495694600,113446000000.0
2017-06-26,707355600,116242000000.0
2017-06-23,2515046400,126790000000.0
2017-06-22,3264458800,131610000000.0
2017-06-21,1462233500,130596000000.0
2017-06-20,1907593500,147101000000.0
2017-06-19,2914032800,146910000000.0
2017-06-16,3349321500,145729000000.0
2017-06-15,652174700,145535000000.0
2017-06-14,655771900,150890000000.0
2017-06-13,3233491300,153808000000.0
2017-06-12,6885124600,157981000000.0
2017-06-09,7903707300,158737000000.0
2017-06-08,15736622200,159078000000.0
2017-06-07,16311841900,162329000000.0
2017-06-05,15549614900,153915000000.0
2017-06-02,7855008800,143406000000.0
2017-06-01,4061987500,139239000000.0
2017-05-31,3638240100,147398000000.0
2017-05-30,3414037000,149155000000.0
2017-05-29,5322326200,147733000000.0
2017-05-26,9303177000,149417000000.0
2017-05-25,9726106500,142805000000.0
2017-05-24,7016345900,142741000000.0
2017-05-23,12030059800,138229000000.0
2017-05-22,5694698200,131484000000.0
2017-05-19,7715105000,127532000000.0
2017-05-18,7967812700,122615000000.0
2017-05-17,2324203400,119967000000.0
2017-05-16,5709806100,119499000000.0
2017-05-15,5627532800,124312000000.0
2017-05-12,20653299200,117259000000.0
2017-05-11,20950388300,106959000000.0
2017-05-10,21670776600,93070279000.0
2017-05-08,17632258000,90202498000.0
2017-05-04,5268840800,81825176700.0
2017-05-02,10547235500,76742388900.0
2017-04-28,5845850700,72902914800.0
2017-04-27,4253662800,71462021400.0
2017-04-26,5962858200,69396887600.0
2017-04-25,10730943800,70227144000.0
2017-04-24,2656457800,64874496000.0
2017-04-21,5412552100,64173551200.0
2017-04-20,3218110950,62480900000.0
2017-04-19,4939462850,66755544600.0
2017-04-18,3928718400,62523166100.0
2017-04-17,9610101300,66916483200.0
2017-04-14,3430446100,65334215250.0
2017-04-13,10446990450,64996361050.0
2017-04-12,4253223800,58270412000.0
2017-04-11,8527253050,59321005200.0
2017-04-10,3664381200,64501010000.0
2017-04-07,5735471800,69111727200.0
2017-04-06,7812063850,65365627000.0
2017-04-05,14685153500,60130546000.0
2017-04-04,1691647550,54379121300.0
2017-04-03,3743203650,56488045200.0
2017-03-31,5561367650,54484276000.0
2017-03-30,4877827350,57780263100.0
2017-03-29,9879308350,54911706500.0
2017-03-28,2771419000,50916283600.0
2017-03-27,3863214750,53489600400.0
2017-03-24,1756559100,54675229600.0
2017-03-23,2454196600,59938033300.0
2017-03-22,8684648800,62528961600.0
2017-03-21,7397517650,64085254200.0
2017-03-20,4817923700,65313709300.0
2017-03-17,6032064300,65341944300.0
2017-03-16,8153196000,61123617500.0
2017-03-15,5133652600,56267117400.0
2017-03-14,11034064000,59601096000.0
2017-03-13,10207495450,54933348600.0
2017-03-10,10946571950,53680186000.0
2017-03-09,10495022400,48142304000.0
2017-03-08,8927946400,43788189600.0
2017-03-07,2755840550,41336640100.0
2017-03-06,6307035050,38724090000.0
2017-03-03,2309534350,37290622800.0
2017-03-02,5126746050,37808526900.0
2017-02-28,3724353850,37238037200.0
2017-02-27,3258545700,41313325900.0
2017-02-24,4415502000,41608566900.0
2017-02-23,3271997750,41095313650.0
2017-02-22,798961450,40221952000.0
2017-02-21,5906290600,39420566700.0
2017-02-20,6577423700,35525189800.0
2017-02-17,7312748700,35499737900.0
2017-02-16,15655578750,35236820100.0
2017-02-15,737136000,35245928400.0
2017-02-14,1581890200,36050352000.0
2017-02-13,1905748400,36011313100.0
2017-02-10,2027614250,35994738400.0
2017-02-09,1751461600,38111796800.0
2017-02-08,1482714500,37359063000.0
2017-02-07,2438744400,37331616350.0
2017-02-06,3133945850,37826725800.0
2017-02-03,3572108300,45801776700.0
2017-02-02,7439742400,46796194400.0
2017-02-01,3885002200,46034793800.0
2017-01-31,5941295400,43715452000.0
2017-01-26,8125956650,43829589600.0
2017-01-25,12440626450,41894416100.0
2017-01-24,4841350200,37737966200.0
2017-01-23,3879301100,34922944750.0
2017-01-20,1975900150,32880042000.0
2017-01-19,1533822500,32904864500.0
2017-01-18,1852835300,33085462000.0
2017-01-17,9244393250,33415800950.0
2017-01-16,4980390650,38235277500.0
2017-01-13,4412261050,39135335700.0
2017-01-12,4107572100,41653817100.0
2017-01-11,7614300250,42216744300.0
2017-01-10,9715875750,42553675000.0
2017-01-09,3717968600,40024243200.0
2017-01-06,6101440800,40077949100.0
2017-01-05,4116588050,39883180000.0
2017-01-04,8552967650,39704536500.0
2017-01-03,3915743250,39261915400.0
2017-01-02,2431584150,37225328400.0
2016-12-29,4614520800,36451561600.0
2016-12-28,4006467850,34128756900.0
2016-12-27,19607550,32303227600.0
2016-12-26,66053200,32452090400.0
2016-12-23,1639258200,31951067200.0
2016-12-22,1539976950,30874096000.0
2016-12-21,495919600,32688304000.0
2016-12-20,604727850,31722944000.0
2016-12-19,1487022050,33159666750.0
2016-12-16,3280346350,33051979800.0
2016-12-15,2202552300,31495830800.0
2016-12-14,730748600,31748600100.0
2016-12-13,1587390650,31658760200.0
2016-12-12,1355137550,33056777600.0
2016-12-09,1944278200,34007372000.0
2016-12-08,7640414500,35066187600.0
2016-12-07,4559309050,34615432350.0
2016-12-06,4904001700,34145820550.0
2016-12-05,968868150,34576038000.0
2016-12-02,1803083550,35308476000.0
2016-12-01,814819700,36809041950.0
2016-11-30,1154235000,38517837300.0
2016-11-29,1827351100,38573600350.0
2016-11-28,769804850,42479115350.0
2016-11-25,2874182400,41286351000.0
2016-11-24,2198406450,39009515600.0
2016-11-23,3641322150,40003954650.0
2016-11-22,996361350,34025557250.0
2016-11-21,2131876250,33691564050.0
2016-11-18,152133150,34068489600.0
2016-11-17,115499150,33812559000.0
2016-11-16,136494450,34394707600.0
2016-11-15,157003550,34979083700.0
2016-11-14,59388950,34976527800.0
2016-11-11,531231350,35470797500.0
2016-11-10,1918263300,35011218300.0
2016-11-09,1567841600,33937343550.0
2016-11-08,927425700,33937587450.0
2016-11-07,391872250,34112486950.0
2016-11-04,172230050,33734646400.0
2016-11-03,1620939100,33064942000.0
2016-11-02,2593724700,35619242000.0
2016-11-01,2267805800,38243507750.0
2016-10-31,1628706550,234917000000.0
2016-10-28,371584800,255425000000.0
2016-10-27,910505650,272605000000.0
2016-10-26,1502806600,279026000000.0
2016-10-25,10538883550,287121000000.0
2016-10-24,7851524600,284786000000.0
2016-10-21,9474736150,275884000000.0
2016-10-20,3055093700,269191000000.0
2016-10-19,8895441750,272277000000.0
2016-10-18,4583838450,274065000000.0
2016-10-17,5662551900,260566000000.0
2016-10-14,32786924750,266351000000.0
2016-10-13,7157965450,236846000000.0
2016-10-12,6814855350,234376000000.0
2016-10-11,16817398800,233803000000.0
2016-10-10,17814991100,217441000000.0
2016-10-07,5688646050,202755000000.0
2016-10-06,17552165700,201938000000.0
2016-10-05,9265074450,181335000000.0
2016-10-04,14320786000,174198000000.0
2016-09-30,5225165650,159716000000.0
2016-09-29,10092024200,158321000000.0
2016-09-28,7419544800,152625000000.0
2016-09-27,7776522850,148113000000.0
2016-09-26,4929963800,142659000000.0
2016-09-23,9546423750,139179000000.0
2016-09-22,7986605800,128793000000.0
2016-09-21,9080027500,124532000000.0
2016-09-20,5794683200,117978000000.0
2016-09-19,4438134800,114732000000.0
2016-09-13,2550704600,113751000000.0
2016-09-12,6051638850,118861000000.0
2016-09-09,6910354950,115733000000.0
2016-09-08,2159832350,111821000000.0
2016-09-07,4672783050,111560000000.0
2016-09-06,4081301750,107013000000.0
2016-09-05,3337885600,105393000000.0
2016-09-02,2174215600,102376000000.0
2016-09-01,10711053300,105184000000.0
2016-08-31,6238740500,95375447900.0
2016-08-30,6513051050,95005002500.0
2016-08-29,17115737550,89390400000.0
2016-08-26,1068198300,76407343200.0
2016-08-25,7837158300,79425431700.0
2016-08-24,811069950,71422817400.0
2016-08-23,4266514950,76494429700.0
2016-08-22,3928711900,72816318400.0
2016-08-19,4467433100,71432965200.0
2016-08-18,2923775800,67288252800.0
2016-08-17,4771264500,66388328600.0
2016-08-16,5673198500,62613888800.0
2016-08-12,6492852150,60423298000.0
2016-08-11,6339372200,55478216250.0
2016-08-10,9099935750,52998639900.0
2016-08-09,8667567450,47778730000.0
2016-08-08,8017465100,44431461800.0
2016-08-05,3707702700,42413585200.0
2016-08-04,4325689350,39447245000.0
2016-08-03,13168226300,35418113800.0
2016-08-02,464131000,25146528000.0
2016-08-01,495652350,25468003500.0
2016-07-29,714755800,23084195200.0
2016-07-28,930072450,24970356800.0
2016-07-27,1947072950,31420903650.0
2016-07-26,2334860050,31593344850.0
2016-07-25,4329742300,27353245500.0
2016-07-22,2329732000,26578111300.0
2016-07-21,810632550,26044204350.0
2016-07-20,1636127300,26079714100.0
2016-07-19,2551809950,26104632550.0
2016-07-18,1375920300,24555921500.0
2016-07-15,763111600,24590595400.0
2016-07-14,356075300,23868394900.0
2016-07-13,1080404850,23904179600.0
2016-07-12,267845150,23595099000.0
2016-07-11,1841029200,22988150200.0
2016-07-08,505705750,25369499400.0
2016-07-07,245343850,25603797800.0
2016-07-06,1118667250,25283453650.0
2016-07-05,231293100,26630027200.0
2016-07-04,571550700,26630027200.0
2016-07-01,307107550,26660797200.0
2016-06-30,1952399200,25653755000.0
