일자,공매도 수량(전체),공매도 수량(잔고수량),공매도 금액(전체),공매도 금액(잔고금액)
2021-03-31,32664,2717328,2675328800.0,221190000000.0
2021-03-30,981,2032987,80601700.0,167112000000.0
2021-03-29,34606,2114185,2807369900.0,172517000000.0
2021-03-26,2311,2122029,188346500.0,172945000000.0
2021-03-25,3066,2201609,248959200.0,178771000000.0
2021-03-24,199,2305713,16119000.0,186763000000.0
2021-03-23,1019,2480419,83354200.0,202898000000.0
2021-03-22,18303,2990809,1501532800.0,245246000000.0
2021-03-19,69379,3515758,5688978100.0,287941000000.0
2021-03-18,15993,3276817,1327877900.0,271648000000.0
2021-03-17,50998,3380921,4196481200.0,278250000000.0
2021-03-16,22,3556992,1812600.0,294519000000.0
2021-03-15,30365,3589047,2494056900.0,293584000000.0
2021-03-12,883,3188876,73112400.0,264039000000.0
2021-03-11,3965,3182715,325130000.0,260983000000.0
2021-03-10,81,3422955,6666300.0,276917000000.0
2021-03-09,15,3270803,1222500.0,266243000000.0
2021-03-08,0,3403259,0.0,279067000000.0
2021-03-05,27352,3403259,2238761200.0,279408000000.0
2021-03-04,13676,3210285,1128270000.0,264527000000.0
2021-03-03,531,3114189,44565200.0,261592000000.0
2021-03-02,13980,3260446,1175930800.0,272573000000.0
2021-02-26,20902,3373956,1721680000.0,278351000000.0
2021-02-25,0,3120546,0.0,266183000000.0
2021-02-24,0,3340874,0.0,273952000000.0
2021-02-23,0,3463593,0.0,284015000000.0
2021-02-22,626,3616748,51458400.0,297297000000.0
2021-02-19,42,3496143,3469200.0,288781000000.0
2021-02-18,208,4302543,17225300.0,353239000000.0
2021-02-17,409,4039332,34028800.0,336072000000.0
2021-02-16,0,2876534,0.0,244218000000.0
2021-02-15,108,2564276,9093600.0,215912000000.0
2021-02-10,3,2522895,244800.0,205868000000.0
2021-02-09,260,2866951,21502100.0,237097000000.0
2021-02-08,4775,2893826,396325000.0,240188000000.0
2021-02-05,5063,3937858,422760500.0,328811000000.0
2021-02-04,3924,3999507,322657200.0,329959000000.0
2021-02-03,421,3233521,35616600.0,273556000000.0
2021-02-02,1185,3257599,100733100.0,274941000000.0
2021-02-01,298,3496827,24711800.0,290237000000.0
2021-01-29,856,3713043,71606700.0,304470000000.0
2021-01-28,8,3746126,669600.0,313551000000.0
2021-01-27,659,3331566,57373800.0,285182000000.0
2021-01-26,1618,3371579,140280600.0,292316000000.0
2021-01-25,89,3240465,7956600.0,289698000000.0
2021-01-22,0,3410659,0.0,296045000000.0
2021-01-21,233,3341902,20527300.0,294422000000.0
2021-01-20,1033,3275279,90077800.0,285604000000.0
2021-01-19,2738,2989086,237614700.0,260050000000.0
2021-01-18,206,3189808,17482000.0,271134000000.0
2021-01-15,0,3365984,0.0,296207000000.0
2021-01-14,1432,3374585,127498700.0,302700000000.0
2021-01-13,228,3268098,20571200.0,293148000000.0
2021-01-12,5144,3659530,466020200.0,331553000000.0
2021-01-11,204,3152160,18686400.0,286847000000.0
2021-01-08,6,2319328,534000.0,205956000000.0
2021-01-07,763,2447030,63634800.0,202859000000.0
2021-01-06,967,3002548,80855100.0,246809000000.0
2021-01-05,169,2676924,14011100.0,224594000000.0
2021-01-04,9279,2722585,771889500.0,225975000000.0
2020-12-30,2978,2758459,239159500.0,223435000000.0
2020-12-29,15834,2705903,1236917300.0,211872000000.0
2020-12-28,6924,1928270,544918800.0,151755000000.0
2020-12-24,1583,1929880,120784400.0,150145000000.0
2020-12-23,1056,2981498,77708400.0,220333000000.0
2020-12-22,806,3101618,58354300.0,224247000000.0
2020-12-21,1000,3085602,72400000.0,225249000000.0
2020-12-18,4473,2370890,327660000.0,173075000000.0
2020-12-17,13,3402050,950300.0,249370000000.0
2020-12-16,608,3786357,44882000.0,279433000000.0
2020-12-15,689,3826391,50863300.0,282388000000.0
2020-12-14,16925,3380910,1249173900.0,249511000000.0
2020-12-11,3000,2918834,220178800.0,214242000000.0
2020-12-10,26061,3022728,1900006900.0,220357000000.0
2020-12-09,0,3101313,0.0,229187000000.0
2020-12-08,1249,3190204,89666100.0,228738000000.0
2020-12-07,4826,3536030,351724200.0,257777000000.0
2020-12-04,2046,4070992,145770400.0,291076000000.0
2020-12-03,660,4326844,46158000.0,301581000000.0
2020-12-02,120,4334915,8304000.0,301277000000.0
2020-12-01,2323,4479705,157499400.0,303724000000.0
2020-11-30,96,5864090,6403200.0,391135000000.0
2020-11-27,330,6011276,22506000.0,409969000000.0
2020-11-26,1437,6231923,96513600.0,423771000000.0
2020-11-25,0,6104838,0.0,406582000000.0
2020-11-24,1207,6284975,81713900.0,425493000000.0
2020-11-23,6,6292456,405000.0,424741000000.0
2020-11-20,450,6395482,28955400.0,413788000000.0
2020-11-19,2536,6404382,162907400.0,413723000000.0
2020-11-18,2315,6421021,150037600.0,416082000000.0
2020-11-17,286,6420641,18790200.0,421836000000.0
2020-11-16,2000,6405792,132600000.0,424704000000.0
2020-11-13,7158,6412660,452385600.0,405280000000.0
2020-11-12,5740,6700870,350140000.0,408753000000.0
2020-11-11,542,6386011,33224600.0,391462000000.0
2020-11-10,1902,6544681,114500400.0,393990000000.0
2020-11-09,1432,6358318,86206400.0,382771000000.0
2020-11-06,515,6801875,30904500.0,408793000000.0
2020-11-05,2075,6727146,124065200.0,405647000000.0
2020-11-04,12233,6993819,715830500.0,409138000000.0
2020-11-03,70000,7264026,4109000000.0,427125000000.0
2020-11-02,6455,7839960,370517000.0,450014000000.0
2020-10-30,15772,7812293,900776200.0,442176000000.0
2020-10-29,6213,7213505,361039300.0,419105000000.0
2020-10-28,7121,7191711,420163800.0,424311000000.0
2020-10-27,959,7194398,57251800.0,430225000000.0
2020-10-26,568,7375828,34324400.0,445500000000.0
2020-10-23,8953,7374978,538950800.0,443974000000.0
2020-10-22,4745,7326892,285174500.0,440346000000.0
2020-10-21,10339,7247182,629645100.0,441353000000.0
2020-10-20,1170,7328636,71253000.0,446314000000.0
2020-10-19,0,7474807,0.0,448488000000.0
2020-10-16,15055,7475005,900621100.0,444763000000.0
2020-10-15,8962,7483921,537720000.0,449035000000.0
2020-10-14,6753,7492900,411257700.0,456318000000.0
2020-10-13,49,7226786,2983900.0,440111000000.0
2020-10-12,9982,8510484,602902200.0,514033000000.0
2020-10-08,5852,8102854,349492000.0,483740000000.0
2020-10-07,5567,7820306,333018100.0,468436000000.0
2020-10-06,3813,7495925,224909000.0,442260000000.0
2020-10-05,8876,7404600,524253600.0,434650000000.0
2020-09-29,1048,7283385,60993600.0,423893000000.0
2020-09-28,4700,7283885,273540000.0,423922000000.0
2020-09-25,1416,7525746,81986400.0,435741000000.0
2020-09-24,814,7692807,47052000.0,444644000000.0
2020-09-23,6336,7774450,371289600.0,455583000000.0
2020-09-22,15349,7475520,893311800.0,435075000000.0
2020-09-21,6941,6984700,411120500.0,413494000000.0
2020-09-18,6207,7517402,368075100.0,445782000000.0
2020-09-17,316,7658700,18802000.0,455693000000.0
2020-09-16,5572,7603685,339887000.0,463825000000.0
2020-09-15,8649,7575456,526967000.0,462103000000.0
2020-09-14,3899,7163150,234637100.0,432654000000.0
2020-09-11,16881,7007325,995849200.0,413432000000.0
2020-09-10,14189,6545576,839988800.0,387498000000.0
2020-09-09,1089,7137535,63597600.0,416832000000.0
2020-09-08,1636,7181894,95561300.0,421577000000.0
2020-09-07,262,7582993,14803000.0,428439000000.0
2020-09-04,3094,8047769,172026400.0,447456000000.0
2020-09-03,0,7943585,0.0,448018000000.0
2020-09-02,478,8083669,26003200.0,439752000000.0
2020-09-01,2693,8245942,146116600.0,446930000000.0
2020-08-31,10319,8353852,557226000.0,451108000000.0
2020-08-28,794,9090899,43987600.0,503636000000.0
2020-08-27,9450,9177265,525420000.0,510256000000.0
2020-08-26,226,9187982,12717400.0,518202000000.0
2020-08-25,0,9528161,0.0,537388000000.0
2020-08-24,382,9145350,21468400.0,513054000000.0
2020-08-21,512,9012542,28675400.0,503801000000.0
2020-08-20,59,8799504,3268600.0,487493000000.0
2020-08-19,44,8416580,2543200.0,486478000000.0
2020-08-18,46,8205642,2704800.0,479209000000.0
2020-08-14,3525,8870681,204445800.0,514499000000.0
2020-08-13,834,9141998,49036300.0,536635000000.0
2020-08-12,5595,9289429,330105000.0,548076000000.0
2020-08-11,992,9918419,57738600.0,577252000000.0
2020-08-10,760,10151136,43933200.0,586736000000.0
2020-08-07,1874,9834762,107755000.0,565499000000.0
2020-08-06,20328,9696844,1178024000.0,562417000000.0
2020-08-05,678,9814758,38550200.0,558460000000.0
2020-08-04,1528,9806502,88165600.0,561913000000.0
2020-08-03,1145,9846570,65276000.0,559285000000.0
2020-07-31,0,9757641,0.0,564967000000.0
2020-07-30,0,9773023,0.0,576608000000.0
2020-07-29,4228,9796286,249972100.0,577981000000.0
2020-07-28,408,9798741,23851800.0,574206000000.0
2020-07-27,134,9602463,7437000.0,533897000000.0
2020-07-24,629,9963989,34059600.0,540048000000.0
2020-07-23,5881,9914037,318151300.0,536349000000.0
2020-07-22,6277,9920443,343351900.0,542648000000.0
2020-07-21,252,9821676,13910400.0,543139000000.0
2020-07-20,284,9974281,15421200.0,540606000000.0
2020-07-17,16648,9869649,907231600.0,536909000000.0
2020-07-16,508,9852196,27372600.0,530048000000.0
2020-07-15,0,9439059,0.0,516317000000.0
2020-07-14,12001,9145785,645507000.0,492043000000.0
2020-07-13,11022,9678065,588756500.0,516809000000.0
2020-07-10,3771,9537146,198567400.0,502608000000.0
2020-07-09,189,9329291,10073700.0,492587000000.0
2020-07-08,940,10153054,50241900.0,538112000000.0
2020-07-07,104,10033329,5636800.0,535780000000.0
2020-07-06,156,10078825,8554900.0,554335000000.0
2020-07-03,0,10087012,0.0,540664000000.0
2020-07-02,5036,10172850,264702300.0,538144000000.0
2020-07-01,2020,10813068,106252000.0,568767000000.0
2020-06-30,1451,11694711,76612800.0,617481000000.0
2020-06-29,4264,11903327,223433600.0,623734000000.0
2020-06-26,8261,12172860,440145600.0,648813000000.0
2020-06-25,6179,11426833,320691700.0,593053000000.0
2020-06-24,7920,10292103,418968000.0,544452000000.0
2020-06-23,2287,9509616,117563200.0,488794000000.0
2020-06-22,551,9181275,28792200.0,477426000000.0
2020-06-19,2577,9239377,135161500.0,488763000000.0
2020-06-18,1340,8914120,69214200.0,466208000000.0
2020-06-17,5948,8719563,310385100.0,455161000000.0
2020-06-16,446,9213501,23225500.0,480023000000.0
2020-06-15,4045,9530131,202247500.0,475554000000.0
2020-06-12,17185,7525812,898814200.0,393600000000.0
2020-06-11,2508,7287113,136840700.0,395690000000.0
2020-06-10,334,6330648,18512000.0,350718000000.0
2020-06-09,1228,6378102,67914000.0,353985000000.0
2020-06-08,0,7550752,0.0,414536000000.0
2020-06-05,793,7983931,44011500.0,443108000000.0
2020-06-04,1096,8368252,60716800.0,456907000000.0
2020-06-03,4380,9087216,232075800.0,495253000000.0
2020-06-02,9464,9977788,486021100.0,512858000000.0
2020-06-01,1575,10126924,80448900.0,518499000000.0
2020-05-29,6772,10301190,342716450.0,522270000000.0
2020-05-28,0,10102885,0.0,509185000000.0
2020-05-27,5032,10006359,251084450.0,499317000000.0
2020-05-26,5191,9969751,255595100.0,491010000000.0
2020-05-25,7274,10132824,355247900.0,494988000000.0
2020-05-22,6626,10075679,323017500.0,491189000000.0
2020-05-21,148,9844791,7414500.0,491747000000.0
2020-05-20,1862,9625910,93073150.0,481296000000.0
2020-05-19,6840,6599819,340857000.0,331971000000.0
2020-05-18,22328,9861792,1089849400.0,481255000000.0
2020-05-15,14198,9995779,679422300.0,478298000000.0
2020-05-14,93671,10130530,4480542550.0,486265000000.0
2020-05-13,39641,9679157,1883885500.0,469923000000.0
2020-05-12,74820,9621515,3580085800.0,460871000000.0
2020-05-11,27677,9257668,1344937300.0,448071000000.0
2020-05-08,34068,8957304,1670249850.0,437116000000.0
2020-05-07,29076,9150415,1421372200.0,446540000000.0
2020-05-06,75134,9998332,3672676100.0,491918000000.0
2020-05-04,115390,9778830,5623919150.0,474273000000.0
2020-04-29,35291,9031380,1761442750.0,451569000000.0
2020-04-28,44411,9233685,2210617150.0,462608000000.0
2020-04-27,24172,9196062,1195962700.0,458424000000.0
2020-04-24,62527,9924489,3094325700.0,489774000000.0
2020-04-23,57179,10861230,2857922450.0,541432000000.0
2020-04-22,39206,11312053,1903166350.0,563906000000.0
2020-04-21,128034,7980412,6285964100.0,393035000000.0
2020-04-20,86871,10121461,4405887100.0,507085000000.0
2020-04-17,12749,9706563,655212600.0,498917000000.0
2020-04-16,84673,10115171,4143604300.0,495643000000.0
2020-04-14,47002,11595847,2292998000.0,568197000000.0
2020-04-13,103023,12011824,4990904350.0,580171000000.0
2020-04-10,97423,11638155,4767547850.0,573179000000.0
2020-04-09,115433,11990143,5670411300.0,588716000000.0
2020-04-08,127459,10517941,6255958850.0,511172000000.0
2020-04-07,22471,9166888,1114472100.0,454678000000.0
2020-04-06,19777,9327374,961807400.0,454243000000.0
2020-04-03,61365,10759358,2879816850.0,505690000000.0
2020-04-02,77774,11613662,3587228250.0,543519000000.0
2020-04-01,134617,11913353,6302353550.0,545632000000.0
2020-03-31,78730,11885644,3768150400.0,567540000000.0
2020-03-30,66021,11795046,3104058900.0,564393000000.0
2020-03-27,12335,11791222,595785500.0,569516000000.0
2020-03-26,187400,10512376,9056125000.0,502492000000.0
2020-03-25,112492,9901904,5462187600.0,481728000000.0
2020-03-24,32808,9853393,1538953950.0,462617000000.0
2020-03-23,139983,10562312,6020174300.0,448898000000.0
2020-03-20,58170,10055040,2629658500.0,456499000000.0
2020-03-19,42644,10113424,1838221450.0,434372000000.0
2020-03-18,169440,10511344,7918397550.0,479317000000.0
2020-03-17,72483,10583011,3460189000.0,500576000000.0
2020-03-16,3075165,12201611,153014000000.0,596659000000.0
2020-03-13,3790257,10333836,184061000000.0,516175000000.0
2020-03-12,1959497,9629815,99093088700.0,489195000000.0
2020-03-11,3067990,9321255,162410000000.0,485637000000.0
2020-03-10,754357,9117118,41011479600.0,497795000000.0
2020-03-09,3159715,9165522,171135000000.0,496771000000.0
2020-03-06,2089101,8265394,117988000000.0,466995000000.0
2020-03-05,2357457,7799873,135220000000.0,450833000000.0
2020-03-04,1415496,7297562,80743094400.0,418880000000.0
2020-03-03,1858836,7151597,104220000000.0,396198000000.0
2020-03-02,1825888,6600861,100188000000.0,363047000000.0
2020-02-28,1249064,5752965,68304877800.0,311811000000.0
2020-02-27,1480771,6439802,83057013700.0,359985000000.0
2020-02-26,967444,6478462,54631040800.0,366033000000.0
2020-02-25,894795,6413069,51449962000.0,371317000000.0
2020-02-24,613295,6237259,35081830300.0,354276000000.0
2020-02-21,1034615,6570038,61377279000.0,388946000000.0
2020-02-20,1106897,6564380,66553821600.0,393863000000.0
2020-02-19,321592,6239640,19254275700.0,375626000000.0
2020-02-18,527466,6255108,31810422400.0,374055000000.0
2020-02-17,364452,6082723,22457662100.0,374087000000.0
2020-02-14,484665,5887760,29718432700.0,363864000000.0
2020-02-13,446398,5817393,27305414100.0,353116000000.0
2020-02-12,335679,5535764,20157187400.0,334914000000.0
2020-02-11,150037,5987198,9016766600.0,358633000000.0
2020-02-10,520682,6584816,30940954400.0,393114000000.0
2020-02-07,1132150,6427310,68294887900.0,388210000000.0
2020-02-06,782366,6440244,47270333000.0,393499000000.0
2020-02-05,2537743,6724510,151047000000.0,400108000000.0
2020-02-04,1765497,5286118,103030000000.0,311352000000.0
2020-02-03,275145,5263147,15562175200.0,301052000000.0
2020-01-31,845845,5245802,48445182500.0,295863000000.0
2020-01-30,947461,5237674,54711028800.0,299595000000.0
2020-01-29,897259,5045446,53206681600.0,298186000000.0
2020-01-28,733955,4694166,43217685800.0,276017000000.0
2020-01-23,844651,4810228,51706800800.0,292462000000.0
2020-01-22,204718,4740830,12617915200.0,295354000000.0
2020-01-21,503668,5646605,31096574700.0,346702000000.0
2020-01-20,603788,5593321,37656746400.0,349023000000.0
2020-01-17,828438,5918668,50858249300.0,362814000000.0
2020-01-16,787040,5855948,47202737200.0,355456000000.0
2020-01-15,446097,5744344,26438206700.0,338916000000.0
2020-01-14,592804,5704996,35803134600.0,342300000000.0
2020-01-13,359364,5571703,21425388700.0,334302000000.0
2020-01-10,804530,5489240,47493726000.0,326610000000.0
2020-01-09,923731,5387073,53508729300.0,315682000000.0
2020-01-08,642430,5224233,36227648000.0,296736000000.0
2020-01-07,142717,5169745,7993441900.0,288472000000.0
2020-01-06,167348,5630893,9255135600.0,312515000000.0
2020-01-03,218704,5410429,12127503500.0,300279000000.0
2020-01-02,39485,4936413,2186007900.0,272490000000.0
2019-12-30,291675,4866219,16369775300.0,271535000000.0
2019-12-27,976837,4988529,55017218900.0,281852000000.0
2019-12-26,101188,4850101,5576498900.0,268696000000.0
2019-12-24,22169,4896307,1224294200.0,269297000000.0
2019-12-23,287111,4994833,15941421800.0,277213000000.0
2019-12-20,183551,4152034,10289339800.0,232514000000.0
2019-12-19,623243,4394875,35157668300.0,246113000000.0
2019-12-18,305829,4085193,17274918900.0,229996000000.0
2019-12-17,93657,4161467,5251327600.0,235955000000.0
2019-12-16,42553,4744518,2327236500.0,259525000000.0
2019-12-13,333998,4751218,18171068700.0,259892000000.0
2019-12-12,118675,4878290,6308025600.0,260013000000.0
2019-12-11,368673,5304651,19147776400.0,275311000000.0
2019-12-10,48396,5277012,2487269100.0,271766000000.0
2019-12-09,121265,5286315,6201391800.0,270659000000.0
2019-12-06,36307,5207230,1833610000.0,262444000000.0
2019-12-05,54068,5233827,2711374800.0,259074000000.0
2019-12-04,68167,5349872,3364744050.0,264551000000.0
2019-12-03,70103,5411052,3504060850.0,270011000000.0
2019-12-02,33356,5443644,1693205800.0,274360000000.0
2019-11-29,68146,5473636,3428419500.0,275324000000.0
2019-11-28,93705,5814534,4850689600.0,298286000000.0
2019-11-27,24540,5871391,1279635100.0,306487000000.0
2019-11-26,197131,5507115,10365281000.0,285269000000.0
2019-11-25,576575,5645068,30092725100.0,292415000000.0
2019-11-22,274349,5579715,14111217600.0,287913000000.0
2019-11-21,959709,5551762,48880343600.0,283140000000.0
2019-11-20,42550,5734097,2222706500.0,298173000000.0
2019-11-19,415985,5768720,22096671700.0,308627000000.0
2019-11-18,461766,5813522,24657497400.0,311023000000.0
2019-11-15,530507,5844460,28310538200.0,313848000000.0
2019-11-14,154340,5887830,8092303900.0,310877000000.0
2019-11-13,505778,6030524,26478838300.0,316603000000.0
2019-11-12,364823,5742315,19023170100.0,302046000000.0
2019-11-11,448912,5642442,23289543300.0,291150000000.0
2019-11-08,643543,5087115,33812418600.0,265039000000.0
2019-11-07,409422,5658659,21646147900.0,299343000000.0
2019-11-06,1314777,5702464,69805459500.0,303941000000.0
2019-11-05,504321,5560163,26510574100.0,293021000000.0
2019-11-04,242274,4973432,12601120100.0,260110000000.0
2019-11-01,295753,4866309,15115720700.0,249155000000.0
2019-10-31,80058,4753823,4089624000.0,239593000000.0
2019-10-30,445297,4741865,22447922400.0,238990000000.0
2019-10-29,287277,4743483,14680235700.0,242392000000.0
2019-10-28,144598,4746303,7421302400.0,243485000000.0
2019-10-25,12014,4783758,611682900.0,243493000000.0
2019-10-24,114268,4916979,5921483500.0,249291000000.0
2019-10-23,304557,5021180,15592320300.0,257084000000.0
2019-10-22,307378,4809968,15697564900.0,246270000000.0
2019-10-21,150816,4921893,7574866500.0,247571000000.0
2019-10-18,170463,4566050,8561296600.0,227846000000.0
2019-10-17,411483,4332778,20747461300.0,218805000000.0
2019-10-16,317296,4156789,16080652600.0,210749000000.0
2019-10-15,112249,4244096,5623626950.0,212629000000.0
2019-10-14,282651,4227590,14146682350.0,211380000000.0
2019-10-11,140599,4636109,6914706200.0,227865000000.0
2019-10-10,708188,4452007,34435450250.0,216145000000.0
2019-10-08,275851,3777533,13452497550.0,184721000000.0
2019-10-07,222462,3967661,10726071050.0,189456000000.0
2019-10-04,862008,3783699,41238983650.0,181618000000.0
2019-10-02,496170,3562418,23697686750.0,169571000000.0
2019-10-01,106660,3633392,5213971150.0,177491000000.0
2019-09-30,158161,3794171,7695010780.0,186104000000.0
2019-09-27,210016,3723490,10161234800.0,180217000000.0
2019-09-26,70302,3643505,3452689650.0,179260000000.0
2019-09-25,242131,3641784,11876374250.0,178083000000.0
2019-09-24,101591,4055612,4998247300.0,200753000000.0
2019-09-23,202023,4450466,9937485910.0,219408000000.0
2019-09-20,1035878,4672714,51200173450.0,229898000000.0
2019-09-19,1697545,4540061,83044836450.0,223144000000.0
2019-09-18,62960,4019117,2983348900.0,191712000000.0
2019-09-17,99541,4431073,4669547350.0,207817000000.0
2019-09-16,294761,4476414,13844821400.0,210839000000.0
2019-09-11,152024,4582689,7167368350.0,216074000000.0
2019-09-10,112449,4379067,5273127200.0,205816000000.0
2019-09-09,371100,4381795,17365920516.0,205506000000.0
2019-09-06,424087,4581837,19603625950.0,212139000000.0
2019-09-05,143786,4147605,6520657250.0,189546000000.0
2019-09-04,171376,4311096,7465132600.0,190119000000.0
2019-09-03,147398,4922283,6382261150.0,212889000000.0
2019-09-02,140835,5140408,6178866100.0,225150000000.0
2019-08-30,443468,5340917,19502442825.0,235000000000.0
2019-08-29,943129,5483914,41223512900.0,238002000000.0
2019-08-28,657458,5189466,28974778950.0,229115000000.0
2019-08-27,445439,4971115,19569817600.0,218978000000.0
2019-08-26,404490,5558341,17535751600.0,242344000000.0
2019-08-23,1046671,6215750,46064860500.0,273182000000.0
2019-08-22,1183631,6131455,52210910150.0,270091000000.0
2019-08-21,945915,5937536,42079396400.0,264220000000.0
2019-08-20,371129,5277970,16319472300.0,234606000000.0
2019-08-19,665118,5137570,29129054050.0,223998000000.0
2019-08-16,646614,5258033,28256442050.0,230828000000.0
2019-08-14,1000369,5295980,43877350150.0,231434000000.0
2019-08-13,636713,5316098,27504553300.0,228592000000.0
2019-08-12,440792,5337931,19275496900.0,233268000000.0
2019-08-09,389155,5033129,16825400550.0,217180000000.0
2019-08-08,933202,4630048,40340286050.0,197472000000.0
2019-08-07,392968,4460484,17048294250.0,192693000000.0
2019-08-06,356241,4142697,15501420300.0,180207000000.0
2019-08-05,391509,4233753,17201674600.0,186073000000.0
2019-08-02,539983,4195102,24223092950.0,188570000000.0
2019-08-01,274508,3577466,12401385500.0,161701000000.0
2019-07-31,878078,3215886,40026329800.0,145840000000.0
2019-07-30,446870,3354994,20821865700.0,156175000000.0
2019-07-29,232094,3121476,10744563150.0,143900000000.0
2019-07-26,583588,3536730,27406481850.0,166757000000.0
2019-07-25,462591,3696066,21756207250.0,174454000000.0
2019-07-24,542108,3680060,25372464300.0,170755000000.0
2019-07-23,421273,3628087,19963575000.0,171609000000.0
2019-07-22,471414,3709581,22199292050.0,175092000000.0
2019-07-19,384911,3406971,18009321550.0,159446000000.0
2019-07-18,199684,3711808,9212412250.0,171114000000.0
2019-07-17,401527,3616456,18518803350.0,166538000000.0
2019-07-16,366859,3486396,17140968900.0,163338000000.0
2019-07-15,120068,3375347,5569035700.0,156785000000.0
2019-07-12,118303,3330329,5468497400.0,154194000000.0
2019-07-11,266043,3287403,12354011750.0,151878000000.0
2019-07-10,442471,3064366,20239067750.0,139582000000.0
2019-07-09,146337,2975755,6599051150.0,134207000000.0
2019-07-08,480806,3022581,21408207200.0,134203000000.0
2019-07-05,522541,3034131,23831703150.0,138508000000.0
2019-07-04,179809,3021472,8236062400.0,138988000000.0
2019-07-03,175384,3127613,7984054650.0,141994000000.0
2019-07-02,128608,3363637,5971953100.0,155568000000.0
2019-07-01,528132,3412574,24653346550.0,159026000000.0
2019-06-28,352349,3442341,16530381600.0,161790000000.0
2019-06-27,125906,3413234,5821219450.0,158715000000.0
2019-06-26,99737,3546147,4564924550.0,162059000000.0
2019-06-25,232631,3387709,10561378800.0,154480000000.0
2019-06-24,182617,3281158,8301120800.0,149293000000.0
2019-06-21,1415116,3419512,64657350250.0,156272000000.0
2019-06-20,262931,3473180,11883617000.0,158030000000.0
2019-06-19,569307,3562516,25776594050.0,161560000000.0
2019-06-18,521799,3682717,23102794700.0,163328000000.0
2019-06-17,223377,3856995,9784668900.0,169322000000.0
2019-06-14,1433909,4044517,62901056050.0,177959000000.0
2019-06-13,1310289,3608888,57296144850.0,157889000000.0
2019-06-12,673063,3654294,30021384350.0,162982000000.0
2019-06-11,245990,3832814,11024005150.0,171902000000.0
2019-06-10,573158,4161169,25601826300.0,186420000000.0
2019-06-07,840771,4275638,36964328600.0,188983000000.0
2019-06-05,905410,4642042,39828217150.0,203786000000.0
2019-06-04,742873,4983282,32166589800.0,216524000000.0
2019-06-03,1716024,5326695,74682065200.0,233309000000.0
2019-05-31,1315154,4695980,55893428950.0,199579000000.0
2019-05-30,603637,4539963,25662647200.0,193175000000.0
2019-05-29,693126,4098389,28947240850.0,171313000000.0
2019-05-28,313925,4003422,13328768500.0,170346000000.0
2019-05-27,283078,4463917,12078249150.0,190386000000.0
2019-05-24,675109,5328222,28883734850.0,227515000000.0
2019-05-23,775303,5479168,33928489950.0,240262000000.0
2019-05-22,1092589,5635021,47342213100.0,245123000000.0
2019-05-21,1037719,5313020,45007589400.0,229257000000.0
2019-05-20,430131,5671197,18019265450.0,238190000000.0
2019-05-17,1179498,5600186,48935730650.0,230728000000.0
2019-05-16,1179562,5551063,49531560250.0,230647000000.0
2019-05-15,1042814,5279320,44592259750.0,224635000000.0
2019-05-14,449372,5152373,19194923150.0,219749000000.0
2019-05-13,342172,5010371,14675526100.0,213692000000.0
2019-05-10,643990,5035525,27619355950.0,216024000000.0
2019-05-09,532199,5071741,23054641650.0,215295000000.0
2019-05-08,112547,5121083,5003568450.0,226608000000.0
2019-05-07,459787,5210796,20623933850.0,233704000000.0
2019-05-03,336980,4814448,15302959650.0,218094000000.0
2019-05-02,141020,4758134,6465088700.0,218398000000.0
2019-04-30,316486,4426627,14499690750.0,202961000000.0
2019-04-29,259019,4818507,11859479200.0,222374000000.0
2019-04-26,309022,5168072,13765144250.0,231788000000.0
2019-04-25,276959,5232839,12385413750.0,233646000000.0
2019-04-24,586574,5346430,26061974400.0,239253000000.0
2019-04-23,577828,5217717,26153015200.0,235841000000.0
2019-04-22,94127,5045238,4274865200.0,228802000000.0
2019-04-19,310548,4495473,14147397050.0,203645000000.0
2019-04-18,133592,4638511,6189921500.0,211516000000.0
2019-04-17,151394,4058712,7139657550.0,190962000000.0
2019-04-16,67091,4072962,3166754300.0,192447000000.0
2019-04-15,212975,3553973,10063923050.0,167214000000.0
2019-04-12,292626,3710335,13648179350.0,173829000000.0
2019-04-11,129812,3686636,6009973900.0,170507000000.0
2019-04-10,130215,3393969,6026235100.0,158498000000.0
2019-04-09,16463,3521974,767954800.0,164300000000.0
2019-04-08,75394,3429622,3512087950.0,159992000000.0
2019-04-05,65104,3421622,3053682650.0,160303000000.0
2019-04-04,159718,3419184,7468651500.0,160531000000.0
2019-04-03,211750,3380137,9837895500.0,157514000000.0
2019-04-02,186528,3435390,8529586850.0,157169000000.0
2019-04-01,154884,3403293,6981626250.0,153318000000.0
2019-03-29,93280,3262009,4139850450.0,145649000000.0
2019-03-28,139259,3277009,6251661550.0,146974000000.0
2019-03-27,198629,3279715,8949849150.0,148735000000.0
2019-03-26,623148,3337188,28183329450.0,151008000000.0
2019-03-25,287674,3535392,13042458700.0,160860000000.0
2019-03-22,301613,3120875,14042946550.0,145277000000.0
2019-03-21,231969,2966238,10559060300.0,136002000000.0
2019-03-20,250013,3081555,10883454300.0,135742000000.0
2019-03-19,124919,3047001,5477297500.0,133763000000.0
2019-03-18,510380,3030036,22345517350.0,132413000000.0
2019-03-15,265072,3206676,11681539550.0,141735000000.0
2019-03-14,87983,3314382,3847301900.0,145336000000.0
2019-03-13,216905,2821878,9532567400.0,123739000000.0
2019-03-12,492194,2823696,21889132350.0,126078000000.0
2019-03-11,252935,2678235,11153552050.0,116905000000.0
2019-03-08,718260,2990406,31682007500.0,130980000000.0
2019-03-07,420559,2859309,18452769200.0,127096000000.0
2019-03-06,119566,2881695,5244569050.0,126795000000.0
2019-03-05,490255,3127399,21821724050.0,138387000000.0
2019-03-04,1772322,2791370,80403311950.0,125193000000.0
2019-02-28,1005766,3100582,46122549750.0,139836000000.0
2019-02-27,184174,3482473,8671218400.0,162806000000.0
2019-02-26,553198,3714838,25979353550.0,173669000000.0
2019-02-25,372673,3965565,17628313100.0,187770000000.0
2019-02-22,467523,4339303,21865046600.0,204598000000.0
2019-02-21,274701,4392551,12828675550.0,206230000000.0
2019-02-20,535857,4397869,25086815900.0,206260000000.0
2019-02-19,249460,4570928,11461219100.0,210034000000.0
2019-02-18,396985,4477129,18452827800.0,206843000000.0
2019-02-15,1257969,4625814,58247074400.0,213019000000.0
2019-02-14,1136291,4800275,52936668750.0,228013000000.0
2019-02-13,567769,4726549,26264683500.0,218367000000.0
2019-02-12,1339125,4858942,61402562050.0,223754000000.0
2019-02-11,530478,5310568,23729036450.0,238976000000.0
2019-02-08,514390,5393615,23160240800.0,241634000000.0
2019-02-07,564358,5448106,26261118750.0,251702000000.0
2019-02-01,760355,5426391,35406219100.0,251513000000.0
2019-01-31,1211461,5024206,56475246850.0,231867000000.0
2019-01-30,1247807,5038905,57130043050.0,233805000000.0
2019-01-29,1414916,5070634,63726634500.0,230714000000.0
2019-01-28,1267749,4871984,57134921800.0,219483000000.0
2019-01-25,967684,4547826,42827301900.0,203515000000.0
2019-01-24,460955,3877706,19768624250.0,166935000000.0
2019-01-23,536110,4630965,22384438100.0,194501000000.0
2019-01-22,380020,4363025,16032791400.0,183902000000.0
2019-01-21,547755,4374599,23237367100.0,187014000000.0
2019-01-18,467188,4363254,19719786350.0,184566000000.0
2019-01-17,349291,4374240,14628797900.0,183499000000.0
2019-01-16,385712,4540759,15900948500.0,188214000000.0
2019-01-15,288758,4501835,11738749500.0,185025000000.0
2019-01-14,1361880,4872274,54643589850.0,195135000000.0
2019-01-11,640765,4429079,25843596000.0,179378000000.0
2019-01-10,126757,4535510,5050711500.0,180513000000.0
2019-01-09,569487,4403367,22366777350.0,174373000000.0
2019-01-08,705271,4385272,27094227400.0,167079000000.0
2019-01-07,219509,4026707,8476944000.0,156035000000.0
2019-01-04,258663,4114962,9639624600.0,154105000000.0
2019-01-03,671531,4481379,25448750150.0,168500000000.0
2019-01-02,221843,3977021,8626101900.0,154110000000.0
2018-12-28,372700,3744588,14414596850.0,144916000000.0
2018-12-27,159237,3689687,6103980400.0,141131000000.0
2018-12-26,562803,3414741,21660595650.0,130955000000.0
2018-12-24,315014,3466713,12149697550.0,134508000000.0
2018-12-21,2707073,3418182,104315000000.0,132113000000.0
2018-12-20,382156,2791954,14800223250.0,107909000000.0
2018-12-19,444027,3923232,17323228700.0,153398000000.0
2018-12-18,68277,3950053,2662188000.0,153657000000.0
2018-12-17,466859,4085428,18330004400.0,159945000000.0
2018-12-14,804796,4708352,31470685500.0,183390000000.0
2018-12-13,105244,4351560,4236278950.0,174062000000.0
2018-12-12,40002,4236519,1618884450.0,171367000000.0
2018-12-11,701924,4249549,28291624600.0,171044000000.0
2018-12-10,2180611,4728327,87700923850.0,190079000000.0
2018-12-07,329595,4542953,13553371050.0,186034000000.0
2018-12-06,446302,4969285,18166298850.0,201256000000.0
2018-12-05,76102,5278961,3152113000.0,218813000000.0
2018-12-04,198779,5310275,8379478250.0,223828000000.0
2018-12-03,348032,5286987,14938163450.0,228662000000.0
2018-11-30,800637,5770963,34034240100.0,241515000000.0
2018-11-29,40248,5553193,1744389350.0,239620000000.0
2018-11-28,106821,5529957,4589278900.0,238618000000.0
2018-11-27,122377,5929387,5243316650.0,255260000000.0
2018-11-26,103829,6137234,4418449600.0,261446000000.0
2018-11-23,74283,6150000,3132158950.0,260760000000.0
2018-11-22,109873,6148053,4658510100.0,260985000000.0
2018-11-21,206547,5897952,8681021350.0,248304000000.0
2018-11-20,231076,6002976,9883740300.0,256927000000.0
2018-11-19,238033,5953392,10392528000.0,259866000000.0
2018-11-16,597590,6068010,26359810300.0,266992000000.0
2018-11-15,79193,5783886,3477987250.0,255937000000.0
2018-11-14,453023,5776767,19938669050.0,254755000000.0
2018-11-13,529512,5678117,23306277600.0,252676000000.0
2018-11-12,429323,5734503,19139646200.0,259200000000.0
2018-11-09,173195,5764223,7670187800.0,255355000000.0
2018-11-08,151663,5670925,6782029850.0,249804000000.0
2018-11-07,155284,5645573,6825998400.0,248405000000.0
2018-11-06,497376,5609933,21624856200.0,245435000000.0
2018-11-05,497467,5576653,21655462550.0,244257000000.0
2018-11-02,253468,5760836,10899974900.0,254341000000.0
2018-11-01,409579,5941086,17385174150.0,250417000000.0
2018-10-31,292064,5595389,12378989850.0,237244000000.0
2018-10-30,488931,5489275,20675488750.0,232471000000.0
2018-10-29,419582,5995143,17323818100.0,248199000000.0
2018-10-26,615891,6437428,25147357200.0,263935000000.0
2018-10-25,504679,6228093,20733650650.0,255352000000.0
2018-10-24,131634,6263513,5603244700.0,266512000000.0
2018-10-23,260784,6333237,11220547600.0,272646000000.0
2018-10-22,157653,6139926,6862493150.0,267394000000.0
2018-10-19,718889,5841316,31521849500.0,256434000000.0
2018-10-18,973101,5839226,42983044100.0,257218000000.0
2018-10-17,101934,5846988,4506852900.0,258145000000.0
2018-10-16,379455,5988771,16584397900.0,261110000000.0
2018-10-15,512142,5864971,22339622850.0,256886000000.0
2018-10-12,170333,5353586,7517934050.0,235558000000.0
2018-10-11,869174,4989352,38039947250.0,215041000000.0
2018-10-10,414964,4847195,18762312700.0,219578000000.0
2018-10-08,314788,4857475,14140367400.0,218344000000.0
2018-10-05,301551,4857475,13500615550.0,217129000000.0
2018-10-04,175566,4858503,7887468900.0,217175000000.0
2018-10-02,12828,5098587,589357300.0,233005000000.0
2018-10-01,238619,4625518,11051321400.0,214393000000.0
2018-09-28,364109,4395645,16949731850.0,204178000000.0
2018-09-27,541309,5018829,25349931200.0,238394000000.0
2018-09-21,1567072,5034714,74068203750.0,238645000000.0
2018-09-20,348861,5142721,16482112950.0,242994000000.0
2018-09-19,106333,5116637,4893899050.0,236133000000.0
2018-09-18,384573,5082533,17488348000.0,231255000000.0
2018-09-17,335637,4995368,15180905150.0,225541000000.0
2018-09-14,300591,5307368,13723269650.0,243343000000.0
2018-09-13,1013551,5309919,44755566050.0,233902000000.0
2018-09-12,400904,5070030,17930731500.0,225870000000.0
2018-09-11,512882,5146555,23341595300.0,231852000000.0
2018-09-10,826053,5045699,37433645150.0,229579000000.0
2018-09-07,1186923,4844217,53220059250.0,217505000000.0
2018-09-06,1084430,5472058,49870005250.0,252262000000.0
2018-09-05,895228,5588315,42154530300.0,260415000000.0
2018-09-04,689967,5300972,32817372700.0,252591000000.0
2018-09-03,493378,4779081,23563870450.0,226767000000.0
2018-08-31,736536,4969403,35339191300.0,240768000000.0
2018-08-30,630717,5533200,30004018900.0,263657000000.0
2018-08-29,288215,5584340,13443901900.0,261347000000.0
2018-08-28,593504,5757973,27650464600.0,268034000000.0
2018-08-27,388356,5643387,17965962100.0,261289000000.0
2018-08-24,476340,6298422,21868214050.0,290672000000.0
2018-08-23,209450,5917442,9648346000.0,273386000000.0
2018-08-22,391261,5582138,17995754200.0,257337000000.0
2018-08-21,149107,5500520,6594330200.0,246423000000.0
2018-08-20,456132,5777737,19978387550.0,253354000000.0
2018-08-17,339110,5419897,14997804000.0,239017000000.0
2018-08-16,805821,5517609,35659145250.0,244154000000.0
2018-08-14,523846,5112616,23685212900.0,230835000000.0
2018-08-13,1552943,5277348,69689784050.0,237745000000.0
2018-08-10,1141925,5083348,51845303650.0,230784000000.0
2018-08-09,393145,4951204,18357171200.0,232211000000.0
2018-08-08,116816,5055445,5465007500.0,236595000000.0
2018-08-07,200492,4986576,9337244800.0,232873000000.0
2018-08-06,344441,4718155,15838329700.0,216091000000.0
2018-08-03,62782,4744882,2869988100.0,217078000000.0
2018-08-02,277038,4632432,12740986350.0,211007000000.0
2018-08-01,104446,4509600,4839882250.0,209922000000.0
2018-07-31,51657,4695970,2388710000.0,217189000000.0
2018-07-30,25972,4808445,1206789250.0,223593000000.0
2018-07-27,75014,4822041,3511998350.0,226154000000.0
2018-07-26,113579,4821977,5311217100.0,226151000000.0
2018-07-25,241868,4856802,11145569050.0,224141000000.0
2018-07-24,310602,4831551,14352593850.0,222976000000.0
2018-07-23,571171,5022395,26513050550.0,233541000000.0
2018-07-20,457678,5517432,21577781900.0,261802000000.0
2018-07-19,245376,5928808,11529228400.0,278061000000.0
2018-07-18,303720,6163382,14217176800.0,286905000000.0
2018-07-17,174791,5980718,8011327250.0,274216000000.0
2018-07-16,228560,5900091,10622605400.0,271699000000.0
2018-07-13,314615,5657225,14539194450.0,263061000000.0
2018-07-12,1213744,5697058,55379824100.0,259216000000.0
2018-07-11,157057,5943869,7219716400.0,273418000000.0
2018-07-10,231637,5507821,10745179000.0,255012000000.0
2018-07-09,151709,5184159,6911130700.0,236398000000.0
2018-07-06,484285,5493641,21830465950.0,246664000000.0
2018-07-05,488752,5596170,22477341550.0,257144000000.0
2018-07-04,531336,4446547,24690093950.0,205653000000.0
2018-07-03,312737,4538599,14404429800.0,209456000000.0
2018-07-02,426146,4222955,19650309050.0,192356000000.0
2018-06-29,508500,4133049,23722214150.0,192807000000.0
2018-06-28,501239,4530179,23441252100.0,212012000000.0
2018-06-27,347050,4587183,16549154150.0,219955000000.0
2018-06-26,226935,5535162,10575634200.0,260153000000.0
2018-06-25,279629,5622221,12995358700.0,262277000000.0
2018-06-22,589903,5702225,27739506850.0,269430000000.0
2018-06-21,915204,5876118,43380695200.0,276471000000.0
2018-06-20,601129,5874450,28362109900.0,276099000000.0
2018-06-19,244498,5859819,11490137150.0,275411000000.0
2018-06-18,209321,6187439,9761426200.0,288335000000.0
2018-06-15,48831,6549811,2354490550.0,312098000000.0
2018-06-14,347686,6888185,16915337000.0,332011000000.0
2018-06-12,755576,7337976,37383142650.0,362496000000.0
2018-06-11,334246,7145004,16646287150.0,356536000000.0
2018-06-08,1043515,7174406,51945336400.0,356209000000.0
2018-06-07,771981,6893024,39596371200.0,348787000000.0
2018-06-05,718607,7219124,36663795100.0,370341000000.0
2018-06-04,294991,7016198,15047982900.0,358528000000.0
2018-06-01,945971,6772438,48352965950.0,347426000000.0
2018-05-31,1023715,6453307,51563657650.0,327183000000.0
2018-05-30,2583067,7037731,129448000000.0,348368000000.0
2018-05-29,462271,6166011,23806094000.0,316316000000.0
2018-05-28,889466,5759751,46649839200.0,301235000000.0
2018-05-25,514280,5649810,26904048700.0,297745000000.0
2018-05-24,832012,5762402,42780283000.0,296187000000.0
2018-05-23,1030387,5642688,52863270200.0,292291000000.0
2018-05-21,363406,5519931,18096261300.0,275997000000.0
2018-05-18,579606,5401386,28740529750.0,267369000000.0
2018-05-17,512949,5278176,25627141550.0,260742000000.0
2018-05-16,1897346,5485832,94395050400.0,273469000000.0
2018-05-15,3418595,5543796,169297000000.0,272755000000.0
2018-05-14,2159352,5392262,108579000000.0,270152000000.0
2018-05-11,2640549,5327048,136718000000.0,273278000000.0
2018-05-10,607301,5488299,31123432900.0,283196000000.0
2018-05-09,1795632,7083299,92800359200.0,360540000000.0
2018-05-08,899575,7589081,47443128500.0,399186000000.0
2018-05-04,1964027,7240542,103425000000.0,375784000000.0
2018-05-03,0,866855,0.0,2297170000000.0
2018-05-02,0,123523,0.0,327336000000.0
2018-04-30,0,126145,0.0,334284000000.0
2018-04-27,8959,126145,23876331000.0,334284000000.0
2018-04-26,20074,120756,51670414000.0,314811000000.0
2018-04-25,8890,109663,22102368000.0,276351000000.0
2018-04-24,11459,105843,29152436000.0,267042000000.0
2018-04-23,8164,111661,21097993000.0,289760000000.0
2018-04-20,12634,111523,32747567000.0,287841000000.0
2018-04-19,18944,110680,49809302000.0,292085000000.0
2018-04-18,11529,101534,29506779000.0,260739000000.0
2018-04-17,6711,110031,16805800000.0,274967000000.0
2018-04-16,8107,113785,20366964000.0,286397000000.0
2018-04-13,15900,113324,39640282000.0,282177000000.0
2018-04-12,9654,97295,23719112000.0,238373000000.0
2018-04-11,9254,101373,22853369000.0,247654000000.0
2018-04-10,10705,96579,26068806000.0,236039000000.0
2018-04-09,13376,103743,32780553000.0,255208000000.0
2018-04-06,9413,97508,22637113000.0,235969000000.0
2018-04-05,9181,99083,22269830000.0,241465000000.0
2018-04-04,8326,92320,19711544000.0,216583000000.0
2018-04-03,5245,86407,12532626000.0,207895000000.0
2018-04-02,1832,88057,4456062000.0,213714000000.0
2018-03-30,5029,87157,12485289000.0,214493000000.0
2018-03-29,12423,89360,30369274000.0,219111000000.0
2018-03-28,14297,91142,34825113000.0,221931000000.0
2018-03-27,8822,91388,22017154000.0,228379000000.0
2018-03-26,16767,86961,41771239000.0,218620000000.0
2018-03-23,21443,82452,53825127000.0,204976000000.0
2018-03-22,7238,66771,18653255000.0,172870000000.0
2018-03-21,6004,77213,15400325000.0,197125000000.0
2018-03-20,4334,55876,10995182000.0,143043000000.0
2018-03-19,5466,60889,13889458000.0,154475000000.0
2018-03-16,8670,63516,22048541000.0,162410000000.0
2018-03-15,6846,73245,17647734000.0,188752000000.0
2018-03-14,21858,70938,56221661000.0,183588000000.0
2018-03-13,6345,61594,16217486000.0,159097000000.0
2018-03-12,5721,57027,14353081000.0,141826000000.0
2018-03-09,5936,49205,14838424000.0,122373000000.0
2018-03-08,17430,49764,42553860000.0,122419000000.0
2018-03-07,29984,65768,72439232000.0,159882000000.0
2018-03-06,7207,59548,16768917000.0,139997000000.0
2018-03-05,9212,71654,20872884000.0,161938000000.0
2018-03-02,17749,68979,41010312000.0,158721000000.0
2018-02-28,2462,60445,5812455000.0,142227000000.0
2018-02-27,8147,64442,19497556000.0,152663000000.0
2018-02-26,1206,63081,2847464000.0,149439000000.0
2018-02-23,1406,58431,3320579000.0,137956000000.0
2018-02-22,5276,65739,12395326000.0,153698000000.0
2018-02-21,3210,62517,7572791000.0,147790000000.0
2018-02-20,5896,63859,14008905000.0,151346000000.0
2018-02-19,9113,61733,22009565000.0,149332000000.0
2018-02-14,6138,59836,14986330000.0,146598000000.0
2018-02-13,11286,56897,26800731000.0,135244000000.0
2018-02-12,5115,52969,11677308000.0,121087000000.0
2018-02-09,3556,54346,7946619000.0,121463000000.0
2018-02-08,5869,52648,13577365000.0,121090000000.0
2018-02-07,7630,51059,17842207000.0,116925000000.0
2018-02-06,5191,49987,12228217000.0,118519000000.0
2018-02-05,7544,48821,17675773000.0,116975000000.0
2018-02-02,7016,42028,16921311000.0,100237000000.0
2018-02-01,1883,44330,4710781000.0,110426000000.0
2018-01-31,19053,35089,49509902000.0,87547055000.0
2018-01-30,41166,49657,103360000000.0,123646000000.0
2018-01-29,33802,47496,86559499000.0,121637000000.0
2018-01-26,3535,46401,8958628000.0,117812000000.0
2018-01-25,1692,46284,4232142000.0,116312000000.0
2018-01-24,1742,45739,4302742000.0,112838000000.0
2018-01-23,5431,45937,13286162000.0,112913000000.0
2018-01-22,3804,47983,9168597000.0,115735000000.0
2018-01-19,4034,45999,9950371000.0,113434000000.0
2018-01-18,2460,40476,6173285000.0,100988000000.0
2018-01-17,2164,40028,5372771000.0,99309468000.0
2018-01-16,3351,38168,8315138000.0,95420000000.0
2018-01-15,3846,46199,9323407000.0,112125000000.0
2018-01-12,6640,47455,15706233000.0,114367000000.0
2018-01-11,6290,33938,15210435000.0,81858456000.0
2018-01-10,6959,36172,17069319000.0,88332024000.0
2018-01-09,10239,32339,26100594000.0,81494280000.0
2018-01-08,3781,32530,9829402000.0,84610530000.0
2018-01-05,12914,34186,33485959000.0,89088716000.0
2018-01-04,588,32137,1519752000.0,82077898000.0
2018-01-03,2440,31061,6294903000.0,80168441000.0
2018-01-02,1266,29723,3229159000.0,75823373000.0
2017-12-28,3090,22231,7841899000.0,56644588000.0
2017-12-27,4030,22504,9914441000.0,55539872000.0
2017-12-26,376,27880,918140000.0,67190800000.0
2017-12-22,249,28763,619197000.0,71476055000.0
2017-12-21,1192,48716,3002406000.0,119695000000.0
2017-12-20,1661,58364,4271908000.0,148478000000.0
2017-12-19,3193,57611,8259895000.0,148521000000.0
2017-12-18,4720,58337,11996020000.0,149343000000.0
2017-12-15,931,52997,2362752000.0,134135000000.0
2017-12-14,1483,52786,3848047000.0,134763000000.0
2017-12-13,4734,59570,12150577000.0,152857000000.0
2017-12-12,4972,62158,12929954000.0,161922000000.0
2017-12-11,8924,61002,23084174000.0,157934000000.0
2017-12-08,3975,56981,10322034000.0,148151000000.0
2017-12-07,2355,56609,5935738000.0,143617000000.0
2017-12-06,626,61019,1602899000.0,152609000000.0
2017-12-05,5934,48979,15098630000.0,125533000000.0
2017-12-04,429,52514,1083177000.0,134803000000.0
2017-12-01,1069,54311,2730821000.0,138059000000.0
2017-11-30,6283,52667,15901810000.0,133774000000.0
2017-11-29,8602,59542,22688677000.0,156595000000.0
2017-11-28,1431,68231,3783802000.0,181767000000.0
2017-11-27,9471,69247,25280206000.0,182258000000.0
2017-11-24,1381,69787,3822515000.0,193519000000.0
2017-11-23,5174,65624,14331736000.0,181450000000.0
2017-11-22,701,62681,1961063000.0,175381000000.0
2017-11-21,4240,63981,11757549000.0,176843000000.0
2017-11-20,808,68051,2248179000.0,187821000000.0
2017-11-17,3963,60905,11151228000.0,169986000000.0
2017-11-16,4078,61513,11356861000.0,171560000000.0
2017-11-15,28014,51594,77790798000.0,142761000000.0
2017-11-14,5680,53989,15970224000.0,150953000000.0
2017-11-13,3165,58365,8929606000.0,164531000000.0
2017-11-10,1495,59836,4193581000.0,168738000000.0
2017-11-09,1353,52016,3812783000.0,146529000000.0
2017-11-08,833,49557,2359357000.0,140643000000.0
2017-11-07,1803,48347,5065380000.0,135613000000.0
2017-11-06,2775,51846,7798583000.0,146154000000.0
2017-11-03,2284,55794,6403918000.0,157283000000.0
2017-11-02,2926,68191,8354289000.0,194549000000.0
2017-11-01,9871,67214,28155718000.0,192299000000.0
2017-10-31,6371,69830,17223374000.0,192312000000.0
2017-10-30,5684,75904,15349633000.0,205093000000.0
2017-10-27,1309,75554,3460847000.0,200520000000.0
2017-10-26,495,63268,1317915000.0,165762000000.0
2017-10-25,82,63054,221300000.0,169931000000.0
2017-10-24,2557,54429,6937123000.0,147067000000.0
2017-10-23,4597,54505,12453419000.0,147981000000.0
2017-10-20,3530,50893,9481862000.0,137004000000.0
2017-10-19,1519,77437,4049340000.0,205131000000.0
2017-10-18,3260,79736,8915006000.0,218317000000.0
2017-10-17,265,77963,727111000.0,213619000000.0
2017-10-16,1679,78105,4536468000.0,210571000000.0
2017-10-13,4721,78665,12828582000.0,212396000000.0
2017-10-12,2555,100174,6983746000.0,274477000000.0
2017-10-11,7324,98984,19868199000.0,270424000000.0
2017-10-10,1827,98688,4866541000.0,260536000000.0
2017-09-29,4819,92372,12336703000.0,236842000000.0
2017-09-28,1098,93989,2830535000.0,240894000000.0
2017-09-27,488,92979,1262930000.0,240258000000.0
2017-09-26,8566,94456,22538411000.0,243980000000.0
2017-09-25,6636,93451,17708246000.0,250542000000.0
2017-09-22,11647,105083,30836968000.0,278470000000.0
2017-09-21,9749,106904,25636764000.0,282227000000.0
2017-09-20,4326,103725,11294176000.0,270826000000.0
2017-09-19,17320,92055,45233502000.0,239895000000.0
2017-09-18,5237,89078,13568416000.0,233741000000.0
2017-09-15,1992,80892,5012067000.0,203848000000.0
2017-09-14,1630,81188,4081644000.0,204188000000.0
2017-09-13,2796,84252,6991742000.0,209029000000.0
2017-09-12,4389,95507,10875368000.0,236857000000.0
2017-09-11,5224,133200,13059124000.0,331668000000.0
2017-09-08,2019,138674,4943048000.0,340306000000.0
2017-09-07,3833,124567,9138075000.0,299708000000.0
2017-09-06,4332,129817,10160588000.0,305070000000.0
2017-09-05,15412,132772,35952741000.0,310421000000.0
2017-09-04,410,135073,944979000.0,310938000000.0
2017-09-01,14573,142107,33876489000.0,330257000000.0
2017-08-31,2878,133423,6665883000.0,309008000000.0
2017-08-30,1048,122589,2417065000.0,283181000000.0
2017-08-29,4941,127935,11275889000.0,294762000000.0
2017-08-28,133,129406,307298000.0,298281000000.0
2017-08-25,393,130884,929009000.0,307708000000.0
2017-08-24,522,132266,1241899000.0,314264000000.0
2017-08-23,2027,134057,4807233000.0,318251000000.0
2017-08-22,512,123100,1202918000.0,289285000000.0
2017-08-21,783,123643,1836495000.0,289572000000.0
2017-08-18,1141,123661,2664952000.0,289985000000.0
2017-08-17,2555,38200,6017436000.0,89846400000.0
2017-08-16,1252,121837,2894925000.0,281443000000.0
2017-08-14,8261,115556,18568950000.0,260001000000.0
2017-08-11,3339,114171,7474372000.0,254716000000.0
2017-08-10,41727,115646,95589660000.0,265408000000.0
2017-08-09,6376,125273,14855648000.0,289882000000.0
2017-08-08,1029,125823,2460927000.0,300214000000.0
2017-08-07,629,125750,1505293000.0,299159000000.0
2017-08-04,253,126578,604635000.0,301889000000.0
2017-08-03,1318,131798,3145281000.0,314865000000.0
2017-08-02,257,135364,629097000.0,331642000000.0
2017-08-01,831,135417,1998875000.0,329063000000.0
2017-07-31,4344,135621,10348524000.0,326847000000.0
2017-07-28,14549,146249,34871874000.0,349243000000.0
2017-07-27,6028,149841,15030826000.0,373104000000.0
2017-07-26,6881,141505,17101594000.0,352630000000.0
2017-07-25,3807,153085,9617445000.0,382713000000.0
2017-07-24,1535,145658,3894358000.0,370408000000.0
2017-07-21,1503,137707,3831817000.0,351704000000.0
2017-07-20,1533,161380,3903271000.0,413133000000.0
2017-07-19,649,161439,1643589000.0,409571000000.0
2017-07-18,234,166850,594260000.0,424133000000.0
2017-07-17,584,166755,1485016000.0,422224000000.0
2017-07-14,6897,171722,17473669000.0,433426000000.0
2017-07-13,13486,175575,34177216000.0,443854000000.0
2017-07-12,10524,153207,26120079000.0,382098000000.0
2017-07-11,7428,144490,18006198000.0,354001000000.0
2017-07-10,3158,143772,7654805000.0,349797000000.0
2017-07-07,8629,148895,20639173000.0,356306000000.0
2017-07-06,16331,147282,39172133000.0,353919000000.0
2017-07-05,2618,146983,6149655000.0,349673000000.0
2017-07-04,6378,147149,15038079000.0,345800000000.0
2017-07-03,361,149910,853161000.0,353938000000.0
2017-06-30,1917,148012,4542401000.0,351825000000.0
2017-06-29,1401,150074,3371085000.0,359727000000.0
2017-06-28,873,152693,2082849000.0,364173000000.0
2017-06-27,6719,149565,16207110000.0,361199000000.0
2017-06-26,4644,149373,11179119000.0,360586000000.0
2017-06-23,2976,146141,7081635000.0,347962000000.0
2017-06-22,6001,142993,14358509000.0,342897000000.0
2017-06-21,5937,139762,14195797000.0,331795000000.0
2017-06-20,1996,134165,4779446000.0,322935000000.0
2017-06-19,747,131787,1735578000.0,306800000000.0
2017-06-16,22880,133804,52365486000.0,304939000000.0
2017-06-15,918,180609,2092975000.0,412511000000.0
2017-06-14,4321,182085,9819800000.0,412969000000.0
2017-06-13,22140,179188,50268077000.0,406757000000.0
2017-06-12,2455,177423,5565117000.0,402573000000.0
2017-06-09,3782,177156,8715203000.0,408345000000.0
2017-06-08,2511,176948,5680022000.0,399549000000.0
2017-06-07,2847,176665,6523183000.0,400146000000.0
2017-06-05,743,176394,1711341000.0,405177000000.0
2017-06-02,5583,174550,12764840000.0,401116000000.0
2017-06-01,1588,173046,3540273000.0,386585000000.0
2017-05-31,5988,175390,13373158000.0,391997000000.0
2017-05-30,5673,184530,12712660000.0,411871000000.0
2017-05-29,10517,183892,24202523000.0,419458000000.0
2017-05-26,7686,185005,17725132000.0,426252000000.0
2017-05-25,14790,183793,33411770000.0,419783000000.0
2017-05-24,2567,183815,5764464000.0,412481000000.0
2017-05-23,4254,176621,9612179000.0,396691000000.0
2017-05-22,4469,175454,10056643000.0,395649000000.0
2017-05-19,46449,186704,104723000000.0,417470000000.0
2017-05-18,7364,199957,16881238000.0,459301000000.0
2017-05-17,3874,200480,8978616000.0,464512000000.0
2017-05-16,4459,202076,10347333000.0,468614000000.0
2017-05-15,6105,207158,14069506000.0,477499000000.0
2017-05-12,6271,207670,14396745000.0,475772000000.0
2017-05-11,9406,219233,21539215000.0,498755000000.0
2017-05-10,14345,245201,33067855000.0,559058000000.0
2017-05-08,8647,262494,19994517000.0,617123000000.0
2017-05-04,6650,261696,15174974000.0,595620000000.0
2017-05-02,4326,263748,9780977000.0,592114000000.0
2017-04-28,22879,277664,51744016000.0,619468000000.0
2017-04-27,32449,266160,70600659000.0,583423000000.0
2017-04-26,12992,254927,27767186000.0,545544000000.0
2017-04-25,47285,260858,99895856000.0,556932000000.0
2017-04-24,6369,244054,13118256000.0,503239000000.0
2017-04-21,15183,246372,31250757000.0,502106000000.0
2017-04-20,9937,242504,20089014000.0,488403000000.0
2017-04-19,9548,262719,19618514000.0,537260000000.0
2017-04-18,11165,286625,23158988000.0,594747000000.0
2017-04-17,4443,294313,9264257000.0,611582000000.0
2017-04-14,10762,316081,22615189000.0,664086000000.0
2017-04-13,4106,334482,8656082000.0,709436000000.0
2017-04-12,11398,355605,23843959000.0,744992000000.0
2017-04-11,2944,383988,6134749000.0,798695000000.0
2017-04-10,5670,397414,11864327000.0,833377000000.0
2017-04-07,5044,419320,10473341000.0,872186000000.0
2017-04-06,30704,422657,64178338000.0,884198000000.0
2017-04-05,27598,445446,58041909000.0,938555000000.0
2017-04-04,30359,473307,63681033000.0,995838000000.0
2017-04-03,6041,510295,12529566000.0,1057330000000.0
2017-03-31,8458,540356,17556090000.0,1113130000000.0
2017-03-30,25028,549244,52618127000.0,1152860000000.0
2017-03-29,15271,555708,31956761000.0,1160870000000.0
2017-03-28,14062,559472,29193799000.0,1160340000000.0
2017-03-27,6305,593718,13056921000.0,1223060000000.0
2017-03-24,11897,598998,24680986000.0,1242920000000.0
2017-03-23,22150,607806,46448020000.0,1270310000000.0
2017-03-22,26119,592987,55175996000.0,1258910000000.0
2017-03-21,21579,595670,45810555000.0,1267590000000.0
2017-03-20,11763,596956,24679797000.0,1250620000000.0
2017-03-17,34716,603903,73418430000.0,1280270000000.0
2017-03-16,35923,590364,75247467000.0,1235040000000.0
2017-03-15,14576,577738,30148541000.0,1195920000000.0
2017-03-14,29970,575927,61469815000.0,1191020000000.0
2017-03-13,39203,578551,79758776000.0,1174460000000.0
2017-03-10,58885,582131,118367000000.0,1169500000000.0
2017-03-09,39732,568810,79833049000.0,1143310000000.0
2017-03-08,27358,529601,55061035000.0,1064500000000.0
2017-03-07,18290,528129,36704635000.0,1061540000000.0
2017-03-06,38050,512930,76101981000.0,1027910000000.0
2017-03-03,49456,507942,97443714000.0,1006230000000.0
2017-03-02,37063,442637,73182155000.0,879077000000.0
2017-02-28,13763,414451,26475989000.0,796575000000.0
2017-02-27,9345,431935,17756569000.0,821972000000.0
2017-02-24,12690,436902,24406161000.0,834920000000.0
2017-02-23,8218,434018,16125646000.0,850241000000.0
2017-02-22,16139,425168,31607284000.0,835455000000.0
2017-02-21,17617,414862,34567330000.0,807736000000.0
2017-02-20,12519,417224,24102981000.0,806494000000.0
2017-02-17,55318,406430,104128000000.0,769372000000.0
2017-02-16,46059,382133,87641646000.0,726435000000.0
2017-02-15,54044,381957,101266000000.0,720371000000.0
2017-02-14,19604,380045,36835893000.0,714105000000.0
2017-02-13,20276,385104,38461574000.0,730927000000.0
2017-02-10,32874,387544,63261732000.0,743309000000.0
2017-02-09,33580,389308,64612365000.0,747471000000.0
2017-02-08,5955,389708,11428300000.0,748239000000.0
2017-02-07,20667,360400,40363567000.0,699536000000.0
2017-02-06,35141,345588,69130225000.0,683573000000.0
2017-02-03,32305,316608,63501722000.0,624668000000.0
2017-02-02,30502,286591,60264132000.0,564011000000.0
2017-02-01,22183,267856,43568383000.0,523926000000.0
2017-01-31,30540,244026,60511726000.0,481463000000.0
2017-01-26,49614,191540,98874626000.0,382122000000.0
2017-01-25,67500,137436,131656000000.0,270749000000.0
2017-01-24,55073,96172,104991000000.0,183496000000.0
2017-01-23,21584,80900,40583921000.0,153953000000.0
2017-01-20,11964,75538,22240959000.0,140501000000.0
2017-01-19,15159,73511,28418942000.0,137760000000.0
2017-01-18,2999,71800,5563002000.0,132615000000.0
2017-01-17,5989,73799,11146743000.0,136381000000.0
2017-01-16,9748,95959,18175843000.0,175893000000.0
2017-01-13,9503,115289,17945654000.0,215936000000.0
2017-01-12,53067,138514,101739000000.0,268717000000.0
2017-01-11,69403,149739,132353000000.0,286600000000.0
2017-01-10,33623,147523,62572698000.0,274688000000.0
2017-01-09,56382,136593,105095000000.0,254200000000.0
2017-01-06,7276,126403,13186910000.0,228789000000.0
2017-01-05,15645,121885,28021510000.0,216712000000.0
2017-01-04,33406,126156,60529759000.0,228090000000.0
2017-01-03,15278,116897,27831715000.0,213220000000.0
2017-01-02,4911,107079,8865743000.0,193278000000.0
2016-12-29,13321,105441,23884925000.0,190005000000.0
2016-12-28,9903,94534,17726079000.0,169027000000.0
2016-12-27,3037,87736,5464383000.0,157837000000.0
2016-12-26,1557,87249,2788122000.0,156874000000.0
2016-12-23,2694,86568,4828929000.0,154264000000.0
2016-12-22,1424,82463,2575141000.0,149176000000.0
2016-12-21,1953,95203,3535236000.0,171841000000.0
2016-12-20,9582,90155,17360960000.0,163361000000.0
2016-12-19,11217,97761,20201265000.0,175481000000.0
2016-12-16,11379,95917,20414727000.0,171979000000.0
2016-12-15,4034,93562,7127765000.0,164576000000.0
2016-12-14,4087,94729,7253878000.0,168333000000.0
2016-12-13,3992,91479,7023748000.0,161552000000.0
2016-12-12,8119,105542,14190846000.0,184910000000.0
2016-12-09,2641,114628,4694692000.0,204038000000.0
2016-12-08,41619,115616,74535230000.0,206953000000.0
2016-12-07,23456,114738,41490020000.0,203316000000.0
2016-12-06,19358,121077,33960387000.0,211643000000.0
2016-12-05,8846,125564,15192930000.0,215719000000.0
2016-12-02,17546,128467,30226884000.0,221863000000.0
2016-12-01,20561,133729,35900976000.0,233892000000.0
2016-11-30,19897,140634,34544195000.0,245547000000.0
2016-11-29,12637,147586,21211565000.0,247502000000.0
2016-11-28,16398,179989,27263438000.0,301842000000.0
2016-11-25,7113,167367,11687182000.0,276156000000.0
2016-11-24,16774,153488,27563884000.0,253255000000.0
2016-11-23,8559,152011,14103703000.0,250666000000.0
2016-11-22,11393,120306,18634471000.0,197302000000.0
2016-11-21,11052,115489,17627588000.0,183974000000.0
2016-11-18,5229,110623,8273702000.0,175448000000.0
2016-11-17,3869,110711,6044197000.0,173595000000.0
2016-11-16,7288,109569,11349471000.0,170709000000.0
2016-11-15,13640,108394,21163566000.0,166818000000.0
2016-11-14,36073,104076,56436756000.0,161630000000.0
2016-11-11,15397,107957,24650211000.0,172515000000.0
2016-11-10,8179,110467,13406129000.0,182160000000.0
2016-11-09,6662,111885,10661015000.0,178568000000.0
2016-11-08,7958,115118,13056124000.0,189254000000.0
2016-11-07,5220,113996,8574466000.0,186953000000.0
2016-11-04,11280,119741,18338055000.0,194819000000.0
2016-11-03,10160,110046,16506655000.0,177834000000.0
2016-11-02,11968,114208,19672712000.0,187644000000.0
2016-11-01,14144,115982,23227105000.0,191602000000.0
2016-10-31,7559,109125,12318929000.0,178856000000.0
2016-10-28,6082,107035,9737160000.0,172754000000.0
2016-10-27,23720,138190,37534896000.0,217373000000.0
2016-10-26,10111,127122,15884337000.0,199200000000.0
2016-10-25,9407,130341,15031857000.0,208155000000.0
2016-10-24,5050,130065,8078631000.0,209145000000.0
2016-10-21,11554,131754,18409815000.0,209357000000.0
2016-10-20,5885,137083,9601236000.0,222074000000.0
2016-10-19,29945,130687,48557377000.0,212366000000.0
2016-10-18,8391,116792,13321365000.0,185582000000.0
2016-10-17,23489,112680,37184019000.0,179161000000.0
2016-10-14,7304,94455,11512658000.0,148956000000.0
2016-10-13,5966,91001,9342341000.0,141689000000.0
2016-10-12,13111,87007,19989234000.0,133556000000.0
2016-10-11,25354,86947,39941092000.0,134333000000.0
2016-10-10,17778,93631,29538372000.0,157300000000.0
2016-10-07,27430,115866,46661638000.0,197667000000.0
2016-10-06,27234,113677,45810477000.0,192228000000.0
2016-10-05,22536,96201,36325914000.0,155749000000.0
2016-10-04,15045,90327,24290412000.0,145788000000.0
2016-09-30,10835,77026,17344116000.0,123088000000.0
2016-09-29,17944,87917,28764782000.0,140667000000.0
2016-09-28,20984,101443,32826528000.0,158961000000.0
2016-09-27,21159,100480,33117139000.0,157653000000.0
2016-09-26,15087,103090,23721859000.0,161645000000.0
2016-09-23,24885,102440,39317354000.0,160933000000.0
2016-09-22,20766,98722,33796621000.0,159732000000.0
2016-09-21,20551,104965,32713488000.0,167104000000.0
2016-09-20,33957,92002,53592700000.0,145823000000.0
2016-09-19,28963,88826,45068433000.0,138391000000.0
2016-09-13,22995,89907,35298444000.0,137288000000.0
2016-09-12,24309,82643,36045137000.0,121072000000.0
2016-09-09,2275,89810,3644334000.0,141451000000.0
2016-09-08,17563,87743,28610855000.0,143811000000.0
2016-09-07,11116,84365,18242979000.0,136756000000.0
2016-09-06,14899,84027,24371690000.0,138056000000.0
2016-09-05,10845,82892,17320588000.0,133125000000.0
2016-09-02,4571,86989,7295602000.0,138921000000.0
2016-09-01,6262,79005,9895691000.0,125381000000.0
2016-08-31,1739,68370,2818293000.0,110759000000.0
2016-08-30,12180,77470,20087418000.0,127438000000.0
2016-08-29,1875,82958,3051667000.0,136051000000.0
2016-08-26,13258,79335,21354560000.0,127888000000.0
2016-08-25,903,86375,1482718000.0,141569000000.0
2016-08-24,11473,89677,19026138000.0,148236000000.0
2016-08-23,13608,82987,22904997000.0,139999000000.0
2016-08-22,7666,81024,12796400000.0,134905000000.0
2016-08-19,17427,79810,28928575000.0,133682000000.0
2016-08-18,14505,74844,23519838000.0,122744000000.0
2016-08-17,12180,73846,19049289000.0,115643000000.0
2016-08-16,10390,73821,16273114000.0,115751000000.0
2016-08-12,13662,73901,21231604000.0,114177000000.0
2016-08-11,34840,73902,53630256000.0,115213000000.0
2016-08-10,14905,75139,23126051000.0,115789000000.0
2016-08-09,38261,82568,60050045000.0,129384000000.0
2016-08-08,21897,89441,34271124000.0,140333000000.0
2016-08-05,16664,90954,25918148000.0,141979000000.0
2016-08-04,22135,90234,33759317000.0,136885000000.0
2016-08-03,10515,90896,16115163000.0,137889000000.0
2016-08-02,15563,88986,24226286000.0,137750000000.0
2016-08-01,20386,93589,32046092000.0,146748000000.0
2016-07-29,31957,84407,49190210000.0,129902000000.0
2016-07-28,13333,85074,20127971000.0,128207000000.0
2016-07-27,17417,79814,26515751000.0,121876000000.0
2016-07-26,26130,88175,39655746000.0,134908000000.0
2016-07-25,13683,87810,20593805000.0,131891000000.0
2016-07-22,12212,97390,18541158000.0,147643000000.0
2016-07-21,25002,103914,38574824000.0,160339000000.0
2016-07-20,25931,109272,39870769000.0,168279000000.0
2016-07-19,31979,98324,49005315000.0,150731000000.0
2016-07-18,23168,96477,35286844000.0,147899000000.0
2016-07-15,16088,88137,24359578000.0,133792000000.0
2016-07-14,5196,84539,7778185000.0,126809000000.0
2016-07-13,16451,76675,24416953000.0,113556000000.0
2016-07-12,15278,78524,22719478000.0,114959000000.0
2016-07-11,9889,78730,14738240000.0,117229000000.0
2016-07-08,10407,79937,15207513000.0,116708000000.0
2016-07-07,4442,77400,6364331000.0,112230000000.0
2016-07-06,2767,79864,3967474000.0,113487000000.0
2016-07-05,5824,92203,8549802000.0,135446000000.0
2016-07-04,20068,91154,29371347000.0,133632000000.0
2016-07-01,5721,105182,8403998000.0,154197000000.0
2016-06-30,7199,73661,10202192000.0,104967000000.0
