통계표,4.1.1 시장금리(일별),
항목명1,국고채(3년),
단위,연%,
변환,원자료,
2016-04-01,1.448,
2016-04-04,1.44,
2016-04-05,1.453,
2016-04-06,1.458,
2016-04-07,1.468,
2016-04-08,1.463,
2016-04-11,1.466,
2016-04-12,1.465,
2016-04-14,1.502,
2016-04-15,1.494,
2016-04-18,1.507,
2016-04-19,1.501,
2016-04-20,1.474,
2016-04-21,1.483,
2016-04-22,1.472,
2016-04-25,1.455,
2016-04-26,1.452,
2016-04-27,1.456,
2016-04-28,1.45,
2016-04-29,1.453,
2016-05-02,1.465,
2016-05-03,1.445,
2016-05-04,1.434,
2016-05-09,1.413,
2016-05-10,1.412,
2016-05-11,1.417,
2016-05-12,1.422,
2016-05-13,1.442,
2016-05-16,1.443,
2016-05-17,1.455,
2016-05-18,1.472,
2016-05-19,1.492,
2016-05-20,1.471,
2016-05-23,1.467,
2016-05-24,1.444,
2016-05-25,1.461,
2016-05-26,1.468,
2016-05-27,1.468,
2016-05-30,1.503,
2016-05-31,1.496,
2016-06-01,1.438,
2016-06-02,1.443,
2016-06-03,1.423,
2016-06-07,1.405,
2016-06-08,1.378,
2016-06-09,1.345,
2016-06-10,1.322,
2016-06-13,1.311,
2016-06-14,1.337,
2016-06-15,1.339,
2016-06-16,1.318,
2016-06-17,1.334,
2016-06-20,1.359,
2016-06-21,1.343,
2016-06-22,1.355,
2016-06-23,1.337,
2016-06-24,1.249,
2016-06-27,1.236,
2016-06-28,1.248,
2016-06-29,1.238,
2016-06-30,1.247,
2016-07-01,1.21,
2016-07-04,1.224,
2016-07-05,1.217,
2016-07-06,1.203,
2016-07-07,1.208,
2016-07-08,1.216,
2016-07-11,1.213,
2016-07-12,1.217,
2016-07-13,1.211,
2016-07-14,1.205,
2016-07-15,1.221,
2016-07-18,1.229,
2016-07-19,1.227,
2016-07-20,1.221,
2016-07-21,1.233,
2016-07-22,1.227,
2016-07-25,1.225,
2016-07-26,1.22,
2016-07-27,1.222,
2016-07-28,1.203,
2016-07-29,1.216,
2016-08-01,1.212,
2016-08-02,1.212,
2016-08-03,1.247,
2016-08-04,1.238,
2016-08-05,1.225,
2016-08-08,1.246,
2016-08-09,1.247,
2016-08-10,1.215,
2016-08-11,1.222,
2016-08-12,1.23,
2016-08-16,1.219,
2016-08-17,1.233,
2016-08-18,1.228,
2016-08-19,1.231,
2016-08-22,1.232,
2016-08-23,1.228,
2016-08-24,1.229,
2016-08-25,1.236,
2016-08-26,1.241,
2016-08-29,1.272,
2016-08-30,1.283,
2016-08-31,1.308,
2016-09-01,1.333,
2016-09-02,1.326,
2016-09-05,1.307,
2016-09-06,1.3,
2016-09-07,1.278,
2016-09-08,1.288,
2016-09-09,1.328,
2016-09-12,1.356,
2016-09-13,1.35,
2016-09-19,1.345,
2016-09-20,1.336,
2016-09-21,1.327,
2016-09-22,1.296,
2016-09-23,1.303,
2016-09-26,1.308,
2016-09-27,1.305,
2016-09-28,1.304,
2016-09-29,1.297,
2016-09-30,1.247,
2016-10-04,1.276,
2016-10-05,1.316,
2016-10-06,1.321,
2016-10-07,1.326,
2016-10-10,1.335,
2016-10-11,1.373,
2016-10-12,1.353,
2016-10-13,1.323,
2016-10-14,1.319,
2016-10-17,1.35,
2016-10-18,1.353,
2016-10-19,1.352,
2016-10-20,1.354,
2016-10-21,1.381,
2016-10-24,1.385,
2016-10-25,1.398,
2016-10-26,1.405,
2016-10-27,1.418,
2016-10-28,1.438,
2016-10-31,1.438,
2016-11-01,1.451,
2016-11-02,1.436,
2016-11-03,1.428,
2016-11-04,1.431,
2016-11-07,1.426,
2016-11-08,1.425,
2016-11-09,1.402,
2016-11-10,1.465,
2016-11-11,1.508,
2016-11-14,1.61,
2016-11-15,1.635,
2016-11-16,1.689,
2016-11-17,1.713,
2016-11-18,1.736,
2016-11-21,1.725,
2016-11-22,1.735,
2016-11-23,1.775,
2016-11-24,1.811,
2016-11-25,1.811,
2016-11-28,1.764,
2016-11-29,1.709,
2016-11-30,1.71,
2016-12-01,1.726,
2016-12-02,1.745,
2016-12-05,1.727,
2016-12-06,1.737,
2016-12-07,1.736,
2016-12-08,1.714,
2016-12-09,1.735,
2016-12-12,1.734,
2016-12-13,1.676,
2016-12-14,1.644,
2016-12-15,1.697,
2016-12-16,1.688,
2016-12-19,1.694,
2016-12-20,1.714,
2016-12-21,1.687,
2016-12-22,1.657,
2016-12-23,1.665,
2016-12-26,1.669,
2016-12-27,1.654,
2016-12-28,1.643,
2016-12-29,1.638,
2016-12-30,1.638,
2017-01-02,1.638,
2017-01-03,1.617,
2017-01-04,1.63,
2017-01-05,1.607,
2017-01-06,1.626,
2017-01-09,1.663,
2017-01-10,1.647,
2017-01-11,1.653,
2017-01-12,1.624,
2017-01-13,1.635,
2017-01-16,1.633,
2017-01-17,1.628,
2017-01-18,1.649,
2017-01-19,1.677,
2017-01-20,1.655,
2017-01-23,1.64,
2017-01-24,1.628,
2017-01-25,1.647,
2017-01-26,1.687,
2017-01-31,1.675,
2017-02-01,1.685,
2017-02-02,1.674,
2017-02-03,1.685,
2017-02-06,1.662,
2017-02-07,1.641,
2017-02-08,1.652,
2017-02-09,1.648,
2017-02-10,1.668,
2017-02-13,1.663,
2017-02-14,1.653,
2017-02-15,1.661,
2017-02-16,1.656,
2017-02-17,1.655,
2017-02-20,1.67,
2017-02-21,1.671,
2017-02-22,1.69,
2017-02-23,1.676,
2017-02-24,1.666,
2017-02-27,1.663,
2017-02-28,1.67,
2017-03-02,1.713,
2017-03-03,1.713,
2017-03-06,1.746,
2017-03-07,1.784,
2017-03-08,1.784,
2017-03-09,1.789,
2017-03-10,1.78,
2017-03-13,1.765,
2017-03-14,1.758,
2017-03-15,1.759,
2017-03-16,1.695,
2017-03-17,1.675,
2017-03-20,1.67,
2017-03-21,1.67,
2017-03-22,1.663,
2017-03-23,1.666,
2017-03-24,1.678,
2017-03-27,1.65,
2017-03-28,1.657,
2017-03-29,1.653,
2017-03-30,1.665,
2017-03-31,1.662,
2017-04-03,1.668,
2017-04-04,1.646,
2017-04-05,1.654,
2017-04-06,1.679,
2017-04-07,1.681,
2017-04-10,1.722,
2017-04-11,1.693,
2017-04-12,1.686,
2017-04-13,1.674,
2017-04-14,1.677,
2017-04-17,1.673,
2017-04-18,1.676,
2017-04-19,1.67,
2017-04-20,1.674,
2017-04-21,1.684,
2017-04-24,1.701,
2017-04-25,1.677,
2017-04-26,1.682,
2017-04-27,1.673,
2017-04-28,1.675,
2017-05-02,1.69,
2017-05-04,1.681,
2017-05-08,1.707,
2017-05-10,1.733,
2017-05-11,1.727,
2017-05-12,1.71,
2017-05-15,1.71,
2017-05-16,1.717,
2017-05-17,1.684,
2017-05-18,1.683,
2017-05-19,1.671,
2017-05-22,1.685,
2017-05-23,1.676,
2017-05-24,1.691,
2017-05-25,1.681,
2017-05-26,1.677,
2017-05-29,1.672,
2017-05-30,1.658,
2017-05-31,1.661,
2017-06-01,1.645,
2017-06-02,1.63,
2017-06-05,1.623,
2017-06-07,1.621,
2017-06-08,1.637,
2017-06-09,1.632,
2017-06-12,1.697,
2017-06-13,1.661,
2017-06-14,1.681,
2017-06-15,1.682,
2017-06-16,1.695,
2017-06-19,1.683,
2017-06-20,1.685,
2017-06-21,1.692,
2017-06-22,1.701,
2017-06-23,1.688,
2017-06-26,1.686,
2017-06-27,1.681,
2017-06-28,1.711,
2017-06-29,1.7,
2017-06-30,1.698,
2017-07-03,1.716,
2017-07-04,1.74,
2017-07-05,1.745,
2017-07-06,1.75,
2017-07-07,1.781,
2017-07-10,1.756,
2017-07-11,1.762,
2017-07-12,1.762,
2017-07-13,1.745,
2017-07-14,1.75,
2017-07-17,1.754,
2017-07-18,1.746,
2017-07-19,1.747,
2017-07-20,1.74,
2017-07-21,1.721,
2017-07-24,1.72,
2017-07-25,1.709,
2017-07-26,1.729,
2017-07-27,1.712,
2017-07-28,1.723,
2017-07-31,1.724,
2017-08-01,1.733,
2017-08-02,1.73,
2017-08-03,1.737,
2017-08-04,1.742,
2017-08-07,1.772,
2017-08-08,1.805,
2017-08-09,1.833,
2017-08-10,1.824,
2017-08-11,1.804,
2017-08-14,1.802,
2017-08-16,1.821,
2017-08-17,1.801,
2017-08-18,1.777,
2017-08-21,1.784,
2017-08-22,1.803,
2017-08-23,1.797,
2017-08-24,1.801,
2017-08-25,1.755,
2017-08-28,1.758,
2017-08-29,1.772,
2017-08-30,1.752,
2017-08-31,1.747,
2017-09-01,1.747,
2017-09-04,1.782,
2017-09-05,1.78,
2017-09-06,1.775,
2017-09-07,1.782,
2017-09-08,1.758,
2017-09-11,1.757,
2017-09-12,1.753,
2017-09-13,1.742,
2017-09-14,1.742,
2017-09-15,1.739,
2017-09-18,1.742,
2017-09-19,1.779,
2017-09-20,1.775,
2017-09-21,1.781,
2017-09-22,1.775,
2017-09-25,1.786,
2017-09-26,1.832,
2017-09-27,1.887,
2017-09-28,1.888,
2017-09-29,1.888,
2017-10-10,1.938,
2017-10-11,1.929,
2017-10-12,1.9,
2017-10-13,1.916,
2017-10-16,1.927,
2017-10-17,1.947,
2017-10-18,1.935,
2017-10-19,2.006,
2017-10-20,2.088,
2017-10-23,2.032,
2017-10-24,2.057,
2017-10-25,2.094,
2017-10-26,2.182,
2017-10-27,2.164,
2017-10-30,2.137,
2017-10-31,2.164,
2017-11-01,2.14,
2017-11-02,2.126,
2017-11-03,2.133,
2017-11-06,2.152,
2017-11-07,2.133,
2017-11-08,2.151,
2017-11-09,2.147,
2017-11-10,2.157,
2017-11-13,2.18,
2017-11-14,2.211,
2017-11-15,2.177,
2017-11-16,2.171,
2017-11-17,2.174,
2017-11-20,2.156,
2017-11-21,2.156,
2017-11-22,2.17,
2017-11-23,2.134,
2017-11-24,2.169,
2017-11-27,2.153,
2017-11-28,2.119,
2017-11-29,2.112,
2017-11-30,2.075,
2017-12-01,2.081,
2017-12-04,2.083,
2017-12-05,2.112,
2017-12-06,2.084,
2017-12-07,2.094,
2017-12-08,2.094,
2017-12-11,2.087,
2017-12-12,2.077,
2017-12-13,2.078,
2017-12-14,2.08,
2017-12-15,2.078,
2017-12-18,2.09,
2017-12-19,2.097,
2017-12-20,2.087,
2017-12-21,2.094,
2017-12-22,2.131,
2017-12-26,2.129,
2017-12-27,2.15,
2017-12-28,2.134,
2017-12-29,2.135,
2018-01-02,2.119,
2018-01-03,2.127,
2018-01-04,2.142,
2018-01-05,2.099,
2018-01-08,2.135,
2018-01-09,2.149,
2018-01-10,2.172,
2018-01-11,2.152,
2018-01-12,2.174,
2018-01-15,2.223,
2018-01-16,2.225,
2018-01-17,2.227,
2018-01-18,2.172,
2018-01-19,2.17,
2018-01-22,2.203,
2018-01-23,2.192,
2018-01-24,2.197,
2018-01-25,2.215,
2018-01-26,2.222,
2018-01-29,2.281,
2018-01-30,2.304,
2018-01-31,2.274,
2018-02-01,2.249,
2018-02-02,2.25,
2018-02-05,2.287,
2018-02-06,2.253,
2018-02-07,2.248,
2018-02-08,2.272,
2018-02-09,2.278,
2018-02-12,2.302,
2018-02-13,2.278,
2018-02-14,2.265,
2018-02-19,2.302,
2018-02-20,2.316,
2018-02-21,2.306,
2018-02-22,2.303,
2018-02-23,2.285,
2018-02-26,2.263,
2018-02-27,2.258,
2018-02-28,2.266,
2018-03-02,2.29,
2018-03-05,2.311,
2018-03-06,2.312,
2018-03-07,2.297,
2018-03-08,2.286,
2018-03-09,2.293,
2018-03-12,2.305,
2018-03-13,2.301,
2018-03-14,2.274,
2018-03-15,2.268,
2018-03-16,2.276,
2018-03-19,2.275,
2018-03-20,2.286,
2018-03-21,2.291,
2018-03-22,2.256,
2018-03-23,2.223,
2018-03-26,2.244,
2018-03-27,2.232,
2018-03-28,2.222,
2018-03-29,2.227,
2018-03-30,2.216,
2018-04-02,2.225,
2018-04-03,2.193,
2018-04-04,2.168,
2018-04-05,2.175,
2018-04-06,2.156,
2018-04-09,2.167,
2018-04-10,2.185,
2018-04-11,2.165,
2018-04-12,2.156,
2018-04-13,2.155,
2018-04-16,2.169,
2018-04-17,2.178,
2018-04-18,2.196,
2018-04-19,2.195,
2018-04-20,2.2,
2018-04-23,2.235,
2018-04-24,2.227,
2018-04-25,2.246,
2018-04-26,2.234,
2018-04-27,2.201,
2018-04-30,2.216,
2018-05-02,2.237,
2018-05-03,2.246,
2018-05-04,2.28,
2018-05-08,2.311,
2018-05-09,2.309,
2018-05-10,2.276,
2018-05-11,2.286,
2018-05-14,2.309,
2018-05-15,2.312,
2018-05-16,2.285,
2018-05-17,2.262,
2018-05-18,2.231,
2018-05-21,2.251,
2018-05-23,2.235,
2018-05-24,2.191,
2018-05-25,2.198,
2018-05-28,2.208,
2018-05-29,2.189,
2018-05-30,2.192,
2018-05-31,2.195,
2018-06-01,2.193,
2018-06-04,2.213,
2018-06-05,2.201,
2018-06-07,2.217,
2018-06-08,2.189,
2018-06-11,2.223,
2018-06-12,2.223,
2018-06-14,2.227,
2018-06-15,2.186,
2018-06-18,2.178,
2018-06-19,2.164,
2018-06-20,2.163,
2018-06-21,2.149,
2018-06-22,2.147,
2018-06-25,2.143,
2018-06-26,2.148,
2018-06-27,2.122,
2018-06-28,2.115,
2018-06-29,2.122,
2018-07-02,2.123,
2018-07-03,2.138,
2018-07-04,2.116,
2018-07-05,2.093,
2018-07-06,2.101,
2018-07-09,2.107,
2018-07-10,2.095,
2018-07-11,2.054,
2018-07-12,2.09,
2018-07-13,2.105,
2018-07-16,2.088,
2018-07-17,2.094,
2018-07-18,2.087,
2018-07-19,2.089,
2018-07-20,2.077,
2018-07-23,2.077,
2018-07-24,2.092,
2018-07-25,2.079,
2018-07-26,2.071,
2018-07-27,2.112,
2018-07-30,2.128,
2018-07-31,2.123,
2018-08-01,2.124,
2018-08-02,2.113,
2018-08-03,2.108,
2018-08-06,2.097,
2018-08-07,2.082,
2018-08-08,2.07,
2018-08-09,2.05,
2018-08-10,2.04,
2018-08-13,2.051,
2018-08-14,2.063,
2018-08-16,2.05,
2018-08-17,1.997,
2018-08-20,1.985,
2018-08-21,1.919,
2018-08-22,1.962,
2018-08-23,1.963,
2018-08-24,1.963,
2018-08-27,1.963,
2018-08-28,1.965,
2018-08-29,1.955,
2018-08-30,1.98,
2018-08-31,1.916,
2018-09-03,1.922,
2018-09-04,1.917,
2018-09-05,1.9,
2018-09-06,1.912,
2018-09-07,1.919,
2018-09-10,1.918,
2018-09-11,1.923,
2018-09-12,1.893,
2018-09-13,1.921,
2018-09-14,1.96,
2018-09-17,1.967,
2018-09-18,1.98,
2018-09-19,1.996,
2018-09-20,2.035,
2018-09-21,2.022,
2018-09-27,2.006,
2018-09-28,2.005,
2018-10-01,2.022,
2018-10-02,2.015,
2018-10-04,2.066,
2018-10-05,2.084,
2018-10-08,2.091,
2018-10-10,2.059,
2018-10-11,2.012,
2018-10-12,2.05,
2018-10-15,2.051,
2018-10-16,2.048,
2018-10-17,2.023,
2018-10-18,1.981,
2018-10-19,1.989,
2018-10-22,2.009,
2018-10-23,1.989,
2018-10-24,2.007,
2018-10-25,1.982,
2018-10-26,1.968,
2018-10-29,1.894,
2018-10-30,1.931,
2018-10-31,1.939,
2018-11-01,1.942,
2018-11-02,1.982,
2018-11-05,1.982,
2018-11-06,1.984,
2018-11-07,1.964,
2018-11-08,1.966,
2018-11-09,1.96,
2018-11-12,1.945,
2018-11-13,1.94,
2018-11-14,1.922,
2018-11-15,1.943,
2018-11-16,1.947,
2018-11-19,1.942,
2018-11-20,1.94,
2018-11-21,1.946,
2018-11-22,1.942,
2018-11-23,1.914,
2018-11-26,1.914,
2018-11-27,1.908,
2018-11-28,1.92,
2018-11-29,1.889,
2018-11-30,1.897,
2018-12-03,1.924,
2018-12-04,1.914,
2018-12-05,1.901,
2018-12-06,1.839,
2018-12-07,1.834,
2018-12-10,1.803,
2018-12-11,1.792,
2018-12-12,1.803,
2018-12-13,1.795,
2018-12-14,1.781,
2018-12-17,1.795,
2018-12-18,1.795,
2018-12-19,1.783,
2018-12-20,1.8,
2018-12-21,1.838,
2018-12-24,1.846,
2018-12-26,1.807,
2018-12-27,1.81,
2018-12-28,1.817,
2018-12-31,1.817,
2019-01-02,1.802,
2019-01-03,1.796,
2019-01-04,1.797,
2019-01-07,1.807,
2019-01-08,1.81,
2019-01-09,1.809,
2019-01-10,1.796,
2019-01-11,1.804,
2019-01-14,1.797,
2019-01-15,1.797,
2019-01-16,1.803,
2019-01-17,1.795,
2019-01-18,1.814,
2019-01-21,1.821,
2019-01-22,1.803,
2019-01-23,1.803,
2019-01-24,1.81,
2019-01-25,1.812,
2019-01-28,1.82,
2019-01-29,1.823,
2019-01-30,1.827,
2019-01-31,1.809,
2019-02-01,1.803,
2019-02-07,1.801,
2019-02-08,1.786,
2019-02-11,1.781,
2019-02-12,1.796,
2019-02-13,1.801,
2019-02-14,1.794,
2019-02-15,1.779,
2019-02-18,1.804,
2019-02-19,1.8,
2019-02-20,1.802,
2019-02-21,1.811,
2019-02-22,1.814,
2019-02-25,1.819,
2019-02-26,1.816,
2019-02-27,1.808,
2019-02-28,1.813,
2019-03-04,1.834,
2019-03-05,1.836,
2019-03-06,1.828,
2019-03-07,1.817,
2019-03-08,1.802,
2019-03-11,1.81,
2019-03-12,1.81,
2019-03-13,1.795,
2019-03-14,1.793,
2019-03-15,1.803,
2019-03-18,1.812,
2019-03-19,1.81,
2019-03-20,1.813,
2019-03-21,1.793,
2019-03-22,1.8,
2019-03-25,1.77,
2019-03-26,1.763,
2019-03-27,1.722,
2019-03-28,1.679,
2019-03-29,1.69,
2019-04-01,1.726,
2019-04-02,1.706,
2019-04-03,1.72,
2019-04-04,1.72,
2019-04-05,1.735,
2019-04-08,1.723,
2019-04-09,1.725,
2019-04-10,1.731,
2019-04-11,1.732,
2019-04-12,1.733,
2019-04-15,1.761,
2019-04-16,1.765,
2019-04-17,1.778,
2019-04-18,1.741,
2019-04-19,1.756,
2019-04-22,1.769,
2019-04-23,1.768,
2019-04-24,1.749,
2019-04-25,1.724,
2019-04-26,1.72,
2019-04-29,1.712,
2019-04-30,1.699,
2019-05-02,1.732,
2019-05-03,1.739,
2019-05-07,1.723,
2019-05-08,1.717,
2019-05-09,1.708,
2019-05-10,1.719,
2019-05-13,1.721,
2019-05-14,1.711,
2019-05-15,1.71,
2019-05-16,1.675,
2019-05-17,1.67,
2019-05-20,1.681,
2019-05-21,1.663,
2019-05-22,1.667,
2019-05-23,1.648,
2019-05-24,1.643,
2019-05-27,1.652,
2019-05-28,1.654,
2019-05-29,1.619,
2019-05-30,1.626,
2019-05-31,1.587,
2019-06-03,1.575,
2019-06-04,1.57,
2019-06-05,1.542,
2019-06-07,1.537,
2019-06-10,1.533,
2019-06-11,1.542,
2019-06-12,1.469,
2019-06-13,1.48,
2019-06-14,1.47,
2019-06-17,1.491,
2019-06-18,1.493,
2019-06-19,1.484,
2019-06-20,1.42,
2019-06-21,1.44,
2019-06-24,1.44,
2019-06-25,1.478,
2019-06-26,1.496,
2019-06-27,1.494,
2019-06-28,1.472,
2019-07-01,1.479,
2019-07-02,1.463,
2019-07-03,1.429,
2019-07-04,1.416,
2019-07-05,1.423,
2019-07-08,1.422,
2019-07-09,1.424,
2019-07-10,1.438,
2019-07-11,1.419,
2019-07-12,1.424,
2019-07-15,1.434,
2019-07-16,1.431,
2019-07-17,1.399,
2019-07-18,1.345,
2019-07-19,1.327,
2019-07-22,1.333,
2019-07-23,1.339,
2019-07-24,1.321,
2019-07-25,1.302,
2019-07-26,1.308,
2019-07-29,1.306,
2019-07-30,1.301,
2019-07-31,1.292,
2019-08-01,1.309,
2019-08-02,1.26,
2019-08-05,1.172,
2019-08-06,1.163,
2019-08-07,1.153,
2019-08-08,1.165,
2019-08-09,1.186,
2019-08-12,1.182,
2019-08-13,1.15,
2019-08-14,1.149,
2019-08-16,1.095,
2019-08-19,1.093,
2019-08-20,1.101,
2019-08-21,1.156,
2019-08-22,1.13,
2019-08-23,1.169,
2019-08-26,1.121,
2019-08-27,1.171,
2019-08-28,1.18,
2019-08-29,1.167,
2019-08-30,1.168,
2019-09-02,1.233,
2019-09-03,1.228,
2019-09-04,1.241,
2019-09-05,1.259,
2019-09-06,1.265,
2019-09-09,1.235,
2019-09-10,1.242,
2019-09-11,1.258,
2019-09-16,1.348,
2019-09-17,1.315,
2019-09-18,1.309,
2019-09-19,1.329,
2019-09-20,1.332,
2019-09-23,1.331,
2019-09-24,1.325,
2019-09-25,1.304,
2019-09-26,1.301,
2019-09-27,1.301,
2019-09-30,1.297,
2019-10-01,1.323,
2019-10-02,1.303,
2019-10-04,1.21,
2019-10-07,1.232,
2019-10-08,1.264,
2019-10-10,1.276,
2019-10-11,1.281,
2019-10-14,1.281,
2019-10-15,1.281,
2019-10-16,1.32,
2019-10-17,1.375,
2019-10-18,1.375,
2019-10-21,1.408,
2019-10-22,1.379,
2019-10-23,1.388,
2019-10-24,1.396,
2019-10-25,1.435,
2019-10-28,1.523,
2019-10-29,1.499,
2019-10-30,1.481,
2019-10-31,1.466,
2019-11-01,1.467,
2019-11-04,1.55,
2019-11-05,1.522,
2019-11-06,1.53,
2019-11-07,1.541,
2019-11-08,1.518,
2019-11-11,1.5,
2019-11-12,1.564,
2019-11-13,1.51,
2019-11-14,1.515,
2019-11-15,1.513,
2019-11-18,1.518,
2019-11-19,1.485,
2019-11-20,1.45,
2019-11-21,1.462,
2019-11-22,1.456,
2019-11-25,1.475,
2019-11-26,1.475,
2019-11-27,1.456,
2019-11-28,1.43,
2019-11-29,1.385,
2019-12-02,1.425,
2019-12-03,1.46,
2019-12-04,1.406,
2019-12-05,1.423,
2019-12-06,1.43,
2019-12-09,1.412,
2019-12-10,1.39,
2019-12-11,1.381,
2019-12-12,1.382,
2019-12-13,1.402,
2019-12-16,1.369,
2019-12-17,1.363,
2019-12-18,1.357,
2019-12-19,1.383,
2019-12-20,1.392,
2019-12-23,1.38,
2019-12-24,1.37,
2019-12-26,1.367,
2019-12-27,1.37,
2019-12-30,1.36,
2019-12-31,1.36,
2020-01-02,1.327,
2020-01-03,1.27,
2020-01-06,1.277,
2020-01-07,1.331,
2020-01-08,1.363,
2020-01-09,1.416,
2020-01-10,1.425,
2020-01-13,1.418,
2020-01-14,1.386,
2020-01-15,1.391,
2020-01-16,1.426,
2020-01-17,1.433,
2020-01-20,1.455,
2020-01-21,1.395,
2020-01-22,1.437,
2020-01-23,1.424,
2020-01-28,1.352,
2020-01-29,1.33,
2020-01-30,1.301,
2020-01-31,1.303,
2020-02-03,1.291,
2020-02-04,1.331,
2020-02-05,1.307,
2020-02-06,1.311,
2020-02-07,1.28,
2020-02-10,1.296,
2020-02-11,1.299,
2020-02-12,1.297,
2020-02-13,1.275,
2020-02-14,1.33,
2020-02-17,1.32,
2020-02-18,1.271,
2020-02-19,1.284,
2020-02-20,1.234,
2020-02-21,1.182,
2020-02-24,1.139,
2020-02-25,1.171,
2020-02-26,1.135,
2020-02-27,1.194,
2020-02-28,1.104,
2020-03-02,1.128,
2020-03-03,1.11,
2020-03-04,1.029,
2020-03-05,1.051,
2020-03-06,1.078,
2020-03-09,1.038,
2020-03-10,1.082,
2020-03-11,1.086,
2020-03-12,1.062,
2020-03-13,1.149,
2020-03-16,1.099,
2020-03-17,1.03,
2020-03-18,1.05,
2020-03-19,1.193,
2020-03-20,1.107,
2020-03-23,1.153,
2020-03-24,1.127,
2020-03-25,1.131,
2020-03-26,1.067,
2020-03-27,1.06,
2020-03-30,1.098,
2020-03-31,1.07,
2020-04-01,1.092,
2020-04-02,1.059,
2020-04-03,1.066,
2020-04-06,1.052,
2020-04-07,1.047,
2020-04-08,1.024,
2020-04-09,0.986,
2020-04-10,0.97,
2020-04-13,0.996,
2020-04-14,0.996,
2020-04-16,0.982,
2020-04-17,1.006,
2020-04-20,1.013,
2020-04-21,1.035,
2020-04-22,1.046,
2020-04-23,1.036,
2020-04-24,1.018,
2020-04-27,1.026,
2020-04-28,1.033,
2020-04-29,1.006,
2020-05-04,0.975,
2020-05-06,0.96,
2020-05-07,0.946,
2020-05-08,0.914,
2020-05-11,0.926,
2020-05-12,0.886,
2020-05-13,0.856,
2020-05-14,0.869,
2020-05-15,0.874,
2020-05-18,0.887,
2020-05-19,0.876,
2020-05-20,0.868,
2020-05-21,0.856,
2020-05-22,0.837,
2020-05-25,0.815,
2020-05-26,0.839,
2020-05-27,0.863,
2020-05-28,0.818,
2020-05-29,0.826,
2020-06-01,0.831,
2020-06-02,0.851,
2020-06-03,0.866,
2020-06-04,0.886,
2020-06-05,0.894,
2020-06-08,0.902,
2020-06-09,0.861,
2020-06-10,0.84,
2020-06-11,0.837,
2020-06-12,0.841,
2020-06-15,0.861,
2020-06-16,0.86,
2020-06-17,0.874,
2020-06-18,0.842,
2020-06-19,0.844,
2020-06-22,0.846,
2020-06-23,0.827,
2020-06-24,0.819,
2020-06-25,0.817,
2020-06-26,0.811,
2020-06-29,0.842,
2020-06-30,0.842,
2020-07-01,0.847,
2020-07-02,0.831,
2020-07-03,0.838,
2020-07-06,0.854,
2020-07-07,0.843,
2020-07-08,0.839,
2020-07-09,0.84,
2020-07-10,0.849,
2020-07-13,0.86,
2020-07-14,0.854,
2020-07-15,0.847,
2020-07-16,0.829,
2020-07-17,0.812,
2020-07-20,0.801,
2020-07-21,0.818,
2020-07-22,0.81,
2020-07-23,0.798,
2020-07-24,0.799,
2020-07-27,0.803,
2020-07-28,0.813,
2020-07-29,0.811,
2020-07-30,0.799,
2020-07-31,0.796,
2020-08-03,0.799,
2020-08-04,0.802,
2020-08-05,0.795,
2020-08-06,0.807,
2020-08-07,0.81,
2020-08-10,0.83,
2020-08-11,0.818,
2020-08-12,0.827,
2020-08-13,0.815,
2020-08-14,0.828,
2020-08-18,0.81,
2020-08-19,0.805,
2020-08-20,0.813,
2020-08-21,0.854,
2020-08-24,0.824,
2020-08-25,0.825,
2020-08-26,0.835,
2020-08-27,0.852,
2020-08-28,0.893,
2020-08-31,0.94,
2020-09-01,0.977,
2020-09-02,0.923,
2020-09-03,0.919,
2020-09-04,0.929,
2020-09-07,0.973,
2020-09-08,0.949,
2020-09-09,0.915,
2020-09-10,0.915,
2020-09-11,0.926,
2020-09-14,0.919,
2020-09-15,0.907,
2020-09-16,0.91,
2020-09-17,0.914,
2020-09-18,0.907,
2020-09-21,0.904,
2020-09-22,0.897,
2020-09-23,0.883,
2020-09-24,0.857,
2020-09-25,0.855,
2020-09-28,0.843,
2020-09-29,0.846,
2020-10-05,0.881,
2020-10-06,0.905,
2020-10-07,0.91,
2020-10-08,0.907,
2020-10-12,0.925,
2020-10-13,0.923,
2020-10-14,0.901,
2020-10-15,0.877,
2020-10-16,0.888,
2020-10-19,0.891,
2020-10-20,0.911,
2020-10-21,0.934,
2020-10-22,0.925,
2020-10-23,0.91,
2020-10-26,0.908,
2020-10-27,0.917,
2020-10-28,0.914,
2020-10-29,0.927,
2020-10-30,0.935,
2020-11-02,0.971,
2020-11-03,0.98,
2020-11-04,0.955,
2020-11-05,0.927,
2020-11-06,0.943,
2020-11-09,0.959,
2020-11-10,0.976,
2020-11-11,0.989,
2020-11-12,0.969,
2020-11-13,0.965,
2020-11-16,0.97,
2020-11-17,0.96,
2020-11-18,0.949,
2020-11-19,0.955,
2020-11-20,0.963,
2020-11-23,0.955,
2020-11-24,0.963,
2020-11-25,0.971,
2020-11-26,0.981,
2020-11-27,0.979,
2020-11-30,0.983,
2020-12-01,0.982,
2020-12-02,0.982,
2020-12-03,0.975,
2020-12-04,0.966,
2020-12-07,0.961,
2020-12-08,0.959,
2020-12-09,0.966,
2020-12-10,0.973,
2020-12-11,0.98,
2020-12-14,0.986,
2020-12-15,0.984,
2020-12-16,0.989,
2020-12-17,0.999,
2020-12-18,0.963,
2020-12-21,0.959,
2020-12-22,0.945,
2020-12-23,0.932,
2020-12-24,0.95,
2020-12-28,0.958,
2020-12-29,0.973,
2020-12-30,0.978,
2020-12-31,0.976,
2021-01-04,0.954,
2021-01-05,0.936,
2021-01-06,0.953,
2021-01-07,0.964,
2021-01-08,0.978,
2021-01-11,0.969,
2021-01-12,0.976,
2021-01-13,0.979,
2021-01-14,0.988,
2021-01-15,0.973,
2021-01-18,0.968,
2021-01-19,0.974,
2021-01-20,0.976,
2021-01-21,0.971,
2021-01-22,0.993,
2021-01-25,1.006,
2021-01-26,1.007,
2021-01-27,0.982,
2021-01-28,0.977,
2021-01-29,0.971,
2021-02-01,0.994,
2021-02-02,0.98,
2021-02-03,0.978,
2021-02-04,0.984,
2021-02-05,0.982,
2021-02-08,1.001,
2021-02-09,0.99,
2021-02-10,0.995,
2021-02-15,0.998,
2021-02-16,0.984,
2021-02-17,0.986,
2021-02-18,0.985,
2021-02-19,0.996,
2021-02-22,1.02,
2021-02-23,1.02,
2021-02-24,1.006,
2021-02-25,0.995,
2021-02-26,1.02,
2021-03-02,1.021,
2021-03-03,1.019,
2021-03-04,1.03,
2021-03-05,1.066,
2021-03-08,1.139,
2021-03-09,1.206,
2021-03-10,1.182,
2021-03-11,1.179,
2021-03-12,1.223,
2021-03-15,1.238,
2021-03-16,1.177,
2021-03-17,1.177,
2021-03-18,1.133,
2021-03-19,1.146,
2021-03-22,1.13,
2021-03-23,1.132,
2021-03-24,1.115,
2021-03-25,1.089,
2021-03-26,1.117,
2021-03-29,1.119,
2021-03-30,1.155,
2021-03-31,1.133,
   4.1.1 시장금리(일별),,
통계담당 : 한국은행 금융시장국 채권시장팀(02-759-5630),자금시장팀(02-759-4517),
주 : 금융투자협회의 채권수익률 공시 관련 규정(2013.10.28일 시행)에 따라 국고채, 통안증권, 회사채 금리를 소수점 3자리로(기존2자리)로 확대 표기
#NAME?,,
- 통안증권(1년) : 2011.5.1부터 364일물(할인채)에서 1년물(이표채)로 고시기준 변경,,
- MMF(7일) : 종류형(운용)을 제외한 설정액 100억원 이상 펀드 기준(14.8.1부터 적용),,
                    2017.10.13(금)의 경우 연휴기간을 고려 9.29(금) 대비 10.13(금)중 단순수익률을 이용하여 추정,,
- CMA(수시형) : 2018.12월말부터 종금형에서 RP형 수익률로 변경,,
